venue_name,venue_type,category,city,state,pincode,website_url,owner_name,owner_email,owner_phone,cuisine,address,country,latitude,longitude,google_maps_url,price_range
Rajesh Restuarant,Restaurant,Restaurant,Indore,Madhya Pradesh,452001,,,,,multicuisine,"Rajesh Restuarant, Jawahar Marg, Indore City, Indore, Juni Indore Tahsil, Indore, Madhya Pradesh, 452001, India",India,22.7153943,75.8417266,"https://www.google.com/maps?q=22.7153943,75.8417266",Budget
Jash Garden Restaurant,Restaurant,Restaurant,Indore,Madhya Pradesh,452001,,,,,indian,"Jash Garden Restaurant, Badal Chand Mehta Road, Piplya Kumar, Indore, Juni Indore Tahsil, Indore, Madhya Pradesh, 452001, India",India,22.7543288,75.9069731,"https://www.google.com/maps?q=22.7543288,75.9069731",Budget
Eden Garden,Restaurant,Restaurant,Indore,Madhya Pradesh,452001,,,,,multicuisine,"Eden Garden, Old A. B. Road, Indore City, Indore, Juni Indore Tahsil, Indore, Madhya Pradesh, 452001, India",India,22.7705091,75.9006014,"https://www.google.com/maps?q=22.7705091,75.9006014",Budget
Vrindavan Restaurant,Restaurant,Restaurant,Indore,Madhya Pradesh,452001,,,,,indian,"Vrindavan Restaurant, 13 Old, Indore City, Indore, Juni Indore Tahsil, Indore, Madhya Pradesh, 452001, India",India,22.7616141,75.8863559,"https://www.google.com/maps?q=22.7616141,75.8863559",Budget
Desi Tadka,Restaurant,Restaurant,Indore,Madhya Pradesh,452001,,,,,multicuisine,"Desi Tadka, Kushabhau Thakre Marg, Indore City, Indore, Juni Indore Tahsil, Indore, Madhya Pradesh, 452001, India",India,22.7488258,75.9117371,"https://www.google.com/maps?q=22.7488258,75.9117371",Budget
Rangoon Garden,Restaurant,Restaurant,Indore,Madhya Pradesh,452001,,,,,multicuisine,"Rangoon Garden, Kushabhau Thakre Marg, Indore City, Indore, Juni Indore Tahsil, Indore, Madhya Pradesh, 452001, India",India,22.7486549,75.918086,"https://www.google.com/maps?q=22.7486549,75.918086",Budget
Central Mess,Restaurant,Restaurant,Ranjhi Tahsil,Madhya Pradesh,482005,,,,,multicuisine,"Central Mess, mess entrance, Cantonment, Ranjhi Tahsil, Jabalpur, Madhya Pradesh, 482005, India",India,23.1774059,80.021289,"https://www.google.com/maps?q=23.1774059,80.021289",Budget
Hexagon,Restaurant,Restaurant,Ranjhi Tahsil,Madhya Pradesh,482005,,,,,multicuisine,"Indian Institute of Information Technology Design and Manufacturing Jabalpur, Airport Road, Cantonment, Ranjhi Tahsil, Jabalpur, Madhya Pradesh, 482005, India",India,23.1780862,80.0245585,"https://www.google.com/maps?q=23.1780862,80.0245585",Budget
Hunger Pangzzz,Restaurant,Restaurant,Indore,Madhya Pradesh,452001,,,,,indian,"MY Kitchen Restaurant, Ring Road, Piplya Kumar, Indore, Juni Indore Tahsil, Indore, Madhya Pradesh, 452001, India",India,22.7562332,75.9051965,"https://www.google.com/maps?q=22.7562332,75.9051965",Budget
Windz and Waves,Restaurant,Restaurant,Bhopal,Madhya Pradesh,462001,,,,,multicuisine,"Windz and Waves, Lake View Walk Path, Krishna Nagar, Ibrahimpura, Bhopal, Huzur Tahsil, Bhopal, Madhya Pradesh, 462001, India",India,23.2416597,77.3805585,"https://www.google.com/maps?q=23.2416597,77.3805585",Budget
Mess - 2,Restaurant,Restaurant,Bhopal,Madhya Pradesh,462066,,,,,multicuisine,"Amul Shop, Bhopal Bypass Rd, Bhaunri, Bhopal, Huzur Tahsil, Bhopal, Madhya Pradesh, 462066, India",India,23.2913227,77.2708838,"https://www.google.com/maps?q=23.2913227,77.2708838",Budget
Akash garden,Restaurant,Restaurant,Bhopal,Madhya Pradesh,462001,,,,,multicuisine,"Akash garden, CTD road, Bairagarh, Bhopal, Huzur Tahsil, Bhopal, Madhya Pradesh, 462001, India",India,23.2677321,77.3215,"https://www.google.com/maps?q=23.2677321,77.3215",Budget
Canteen,Restaurant,Restaurant,Bhopal,Madhya Pradesh,462001,,,,,multicuisine,"Canteen, CTD road, Bairagarh, Bhopal, Huzur Tahsil, Bhopal, Madhya Pradesh, 462001, India",India,23.2679784,77.3165677,"https://www.google.com/maps?q=23.2679784,77.3165677",Budget
Adarsh Bhojnalaya,Restaurant,Restaurant,Jabalpur,Madhya Pradesh,482002,,,,,multicuisine,"Arihant Enterprises, 107, MR-4 ROAD, Vijay Nagar, Jabalpur, Adhartal Tahsil, Jabalpur, Madhya Pradesh, 482002, India",India,23.1923019,79.9150914,"https://www.google.com/maps?q=23.1923019,79.9150914",Budget
JAM,Restaurant,Restaurant,Pigdamber,Madhya Pradesh,453556,,,,,multicuisine,"KK Traders, iim road, Pigdambar, Pigdamber, Rau Tahsil, Indore, Madhya Pradesh, 453556, India",India,22.6249731,75.7922539,"https://www.google.com/maps?q=22.6249731,75.7922539",Budget
hul adda,Restaurant,Restaurant,Pigdamber,Madhya Pradesh,453556,,,,,multicuisine,"hul adda, iim road, Pigdambar, Pigdamber, Rau Tahsil, Indore, Madhya Pradesh, 453556, India",India,22.6249247,75.7924529,"https://www.google.com/maps?q=22.6249247,75.7924529",Budget
Shri Shankar Hotel Evam Nashta Ghar,Restaurant,Hotel Restaurant,Bhopal,Madhya Pradesh,462044,,,,,multicuisine,"Shri Shankar Hotel Evam Nashta Ghar, MD3124, Neelbad, Bhopal, Huzur Tahsil, Bhopal, Madhya Pradesh, 462044, India",India,23.2013766,77.3565905,"https://www.google.com/maps?q=23.2013766,77.3565905",Budget
Canteen,Restaurant,Restaurant,Sanwer Tahsil,Madhya Pradesh,453771,,,,,multicuisine,"Okpl, MD4505, Manglya, Sanwer Tahsil, Indore, Madhya Pradesh, 453771, India",India,22.8216651,75.9435182,"https://www.google.com/maps?q=22.8216651,75.9435182",Budget
Blueberry Restaurant,Restaurant,Restaurant,Gwalior,Madhya Pradesh,474005,,,,,indian,"Blueberry Restaurant, VIP Road, Gwalior, Madhya Pradesh, 474005, India",India,26.2324693,78.2171007,"https://www.google.com/maps?q=26.2324693,78.2171007",Budget
Veg Bites Cafe & Restaurant,Restaurant,Cafe,Indore,Madhya Pradesh,452001,,,,,indian,"Veg Bites Cafe & Restaurant, Narendra Tiwari Marg, Usha Nagar, Vaishali Nagar, Indore City, Indore, Juni Indore Tahsil, Indore, Madhya Pradesh, 452001, India",India,22.6957343,75.8349682,"https://www.google.com/maps?q=22.6957343,75.8349682",Budget
Nature's Kitchen Pluck & Dine,Restaurant,Restaurant,Indore,Madhya Pradesh,452001,,,,,multicuisine,"M.P pollution control board indore, 13 Old, Indore City, Indore, Juni Indore Tahsil, Indore, Madhya Pradesh, 452001, India",India,22.7624825,75.8847893,"https://www.google.com/maps?q=22.7624825,75.8847893",Budget
Apna Sweets,Restaurant,Restaurant,Indore,Madhya Pradesh,452001,,,,,multicuisine,"McDonald's, Scheme 54, Service Road, Indore City, Indore, Juni Indore Tahsil, Indore, Madhya Pradesh, 452001, India",India,22.7495427,75.8956996,"https://www.google.com/maps?q=22.7495427,75.8956996",Budget
jay ambe sweets,Restaurant,Restaurant,Indore,Madhya Pradesh,452001,,,,,khichdi_saboodana,"jay ambe sweets, 13 Old, Indore City, Indore, Juni Indore Tahsil, Indore, Madhya Pradesh, 452001, India",India,22.7569481,75.8859791,"https://www.google.com/maps?q=22.7569481,75.8859791",Budget
DZire paying guest and mess,Restaurant,Restaurant,Indore,Madhya Pradesh,452001,,,,,multicuisine,"DZire paying guest and mess, 13 Old, Indore City, Indore, Juni Indore Tahsil, Indore, Madhya Pradesh, 452001, India",India,22.7570232,75.8857215,"https://www.google.com/maps?q=22.7570232,75.8857215",Budget
Indigo,Restaurant,Restaurant,Indore,Madhya Pradesh,452001,,,,,multicuisine,"Indigo, Ring Road, Indore City, Indore, Juni Indore Tahsil, Indore, Madhya Pradesh, 452001, India",India,22.7533416,75.903384,"https://www.google.com/maps?q=22.7533416,75.903384",Budget
Filfora,Restaurant,Restaurant,Bhopal,Madhya Pradesh,462001,,,,,multicuisine,"Filfora, Main road, Idgah hills, Ibrahimpura, Bhopal, Huzur Tahsil, Bhopal, Madhya Pradesh, 462001, India",India,23.2639205,77.3802723,"https://www.google.com/maps?q=23.2639205,77.3802723",Budget
PUROHIT,Restaurant,Restaurant,Harda,Madhya Pradesh,461331,,,,,multicuisine,"PUROHIT, NATIONAL HIGHWAY 47, Harda Khurd, Harda, Harda Tahsil, Harda, Madhya Pradesh, 461331, India",India,22.3568125,77.0834762,"https://www.google.com/maps?q=22.3568125,77.0834762",Budget
Madari The Restaurant,Restaurant,Restaurant,Shahdol,Madhya Pradesh,484001,,,,+91 94258 70009;+91 70009 84430,indian,"Madari The Restaurant, Ahiridadra, NH43, Bhimadongri, Shahdol, Pali Tahsil, Umaria, Madhya Pradesh, 484001, India",India,23.3375744,81.2446316,"https://www.google.com/maps?q=23.3375744,81.2446316",Budget
Chhatrapal Pehalwan Dhaba,Restaurant,Dhaba,Semri Harchand,Madhya Pradesh,461668,,,,,regional;indian,"Chhatrapal Pehalwan Dhaba, SH67, Babai, Semri Harchand, Babai Tahsil, Narmadapuram, Madhya Pradesh, 461668, India",India,22.6990968,77.9794426,"https://www.google.com/maps?q=22.6990968,77.9794426",Budget
hot chillli,Restaurant,Restaurant,Jabalpur,Madhya Pradesh,482004,,,,,multicuisine,"hot chillli, Jabalpur Flyover, Jabalpur, Adhartal Tahsil, Jabalpur, Madhya Pradesh, 482004, India",India,23.1860005,79.9297917,"https://www.google.com/maps?q=23.1860005,79.9297917",Budget
Suraj dhaba,Restaurant,Dhaba,Shahdol,Madhya Pradesh,484116,,,,,north_indian,"Suraj dhaba, Amlai Burhar Road, Amlai, Budar Tahsil, Shahdol, Anuppur Tehsil, Anuppur, Madhya Pradesh, 484116, India",India,23.1957375,81.5760493,"https://www.google.com/maps?q=23.1957375,81.5760493",Budget
Tj dhaba,Restaurant,Dhaba,Shahdol,Madhya Pradesh,484116,,,,,north_indian,"Tj dhaba, Amlai Burhar Road, Amlai, Budar Tahsil, Shahdol, Anuppur Tehsil, Anuppur, Madhya Pradesh, 484116, India",India,23.1950557,81.5767204,"https://www.google.com/maps?q=23.1950557,81.5767204",Budget
Yadav dhaba,Restaurant,Dhaba,Shahdol,Madhya Pradesh,484116,,,,,north_indian,"Yadav dhaba, Amlai Burhar Road, Amlai, Budar Tahsil, Shahdol, Anuppur Tehsil, Anuppur, Madhya Pradesh, 484116, India",India,23.1951202,81.5766951,"https://www.google.com/maps?q=23.1951202,81.5766951",Budget
Shrivastav bhojnalay,Restaurant,Restaurant,Shahdol,Madhya Pradesh,484117,,,,,multicuisine,"Shrivastav bhojnalay, NH43, Amlai, Budar Tahsil, Shahdol, Anuppur Tehsil, Anuppur, Madhya Pradesh, 484117, India",India,23.2081523,81.5715498,"https://www.google.com/maps?q=23.2081523,81.5715498",Budget
Shere punjab,Restaurant,Restaurant,Shahdol,Madhya Pradesh,484117,,,,,multicuisine,"Shere punjab, NH43, Amlai, Budar Tahsil, Shahdol, Anuppur Tehsil, Anuppur, Madhya Pradesh, 484117, India",India,23.2079024,81.5714361,"https://www.google.com/maps?q=23.2079024,81.5714361",Budget
Shere non veg restaurant,Restaurant,Restaurant,Shahdol,Madhya Pradesh,484117,,,,,indian,"Shere non veg restaurant, NH43, Amlai, Budar Tahsil, Shahdol, Anuppur Tehsil, Anuppur, Madhya Pradesh, 484117, India",India,23.2078999,81.5711904,"https://www.google.com/maps?q=23.2078999,81.5711904",Budget
Mess - 1,Restaurant,Restaurant,Bhopal,Madhya Pradesh,462066,,,,,multicuisine,"Indian Institute of Science Education and Research, Bhopal, Bhopal Bypass Rd, Bhaunri, Bhopal, Huzur Tahsil, Bhopal, Madhya Pradesh, 462066, India",India,23.2899946,77.2721613,"https://www.google.com/maps?q=23.2899946,77.2721613",Budget
Mess - 3,Restaurant,Restaurant,Bhopal,Madhya Pradesh,462001,,,,,multicuisine,"Mess - 3, Institutional Campus Road, Barkhera Bandar, Bhopal, Huzur Tahsil, Bhopal, Madhya Pradesh, 462001, India",India,23.2925352,77.2706018,"https://www.google.com/maps?q=23.2925352,77.2706018",Budget
Mess - 4,Restaurant,Restaurant,Bhopal,Madhya Pradesh,462066,,,,,multicuisine,"Indian Institute of Science Education and Research, Bhopal, Bhopal Bypass Rd, Bhaunri, Bhopal, Huzur Tahsil, Bhopal, Madhya Pradesh, 462066, India",India,23.2933012,77.2718372,"https://www.google.com/maps?q=23.2933012,77.2718372",Budget
Mess - 5,Restaurant,Restaurant,Bhopal,Madhya Pradesh,462066,,,,,multicuisine,"Indian Institute of Science Education and Research, Bhopal, Bhopal Bypass Rd, Bhaunri, Bhopal, Huzur Tahsil, Bhopal, Madhya Pradesh, 462066, India",India,23.2930321,77.2704516,"https://www.google.com/maps?q=23.2930321,77.2704516",Budget
Grand Palace,Restaurant,Restaurant,Sagar,Madhya Pradesh,470001,,,,,multicuisine,"Grand Palace, NH146, Garholi, Sagar, Sagar Nagar Tahsil, Sagar, Madhya Pradesh, 470001, India",India,23.8356649,78.7165807,"https://www.google.com/maps?q=23.8356649,78.7165807",Budget
Mess - 6,Restaurant,Restaurant,Bhopal,Madhya Pradesh,462001,,,,,multicuisine,"Mess - 6, IISER Bhopal internal Road, Barkhera Bandar, Bhopal, Huzur Tahsil, Bhopal, Madhya Pradesh, 462001, India",India,23.2939129,77.2709181,"https://www.google.com/maps?q=23.2939129,77.2709181",Budget
Matargasti,Restaurant,Restaurant,Indore,Madhya Pradesh,452014,,,,084549 22434,multicuisine,"Matargasti, 156,Vishnupuri colony, Old A. B. Road, Indore City, Indore, Juni Indore Tahsil, Indore, Madhya Pradesh, 452014, India",India,22.6909854,75.8630839,"https://www.google.com/maps?q=22.6909854,75.8630839",Budget
"Vairagi Chef ""Cakes and Street Food""",Restaurant,Restaurant,Indore,Madhya Pradesh,452001,,,,,burger;pizza;cake;sandwich;dessert,"Vairagi Chef ""Cakes and Street Food"", Shop number G-4,29,Shivom Apartment,Vishnupuri main,Vishnupuri Colony, Old A. B. Road, Indore City, Indore, Juni Indore Tahsil, Indore, Madhya Pradesh, 452001, India",India,22.6898215,75.863472,"https://www.google.com/maps?q=22.6898215,75.863472",Budget
Royal Bakery Stores,Restaurant,Restaurant,Indore,Madhya Pradesh,452014,,,,,cake;dessert;donut;pizza,"Royal Bakery Stores, Vishnupuri Colony, Old A. B. Road, Indore City, Indore, Juni Indore Tahsil, Indore, Madhya Pradesh, 452014, India",India,22.6900604,75.8637631,"https://www.google.com/maps?q=22.6900604,75.8637631",Budget
Hotel The ACE,Restaurant,Hotel Restaurant,Bijanwada,Madhya Pradesh,461775,https://hoteltheace.co.in/,,,+917566010740,regional;indian,"Hotel The ACE, Pachmarhi Road, Pipariya, Bijanwada, Pipariya Tahsil, Narmadapuram, Madhya Pradesh, 461775, India",India,22.7265772,78.3548666,"https://www.google.com/maps?q=22.7265772,78.3548666",Budget
Mehek Dhaba,Restaurant,Dhaba,Semri Harchand,Madhya Pradesh,461668,,,,,regional;indian,"Mehek Dhaba, SH67, Babai, Semri Harchand, Babai Tahsil, Narmadapuram, Madhya Pradesh, 461668, India",India,22.6995733,77.9866666,"https://www.google.com/maps?q=22.6995733,77.9866666",Budget
Indian Coffee House & Restaurant,Restaurant,Cafe,Pachmarhi,Madhya Pradesh,461881,,,,+918871596850,regional;indian;coffee_shop,"Indian Coffee House & Restaurant, Mahadev Road, Pachmarhi, Pipariya Tahsil, Narmadapuram, Madhya Pradesh, 461881, India",India,22.4580153,78.429344,"https://www.google.com/maps?q=22.4580153,78.429344",Budget
Pandit Ji Refreshments,Restaurant,Restaurant,Pachmarhi,Madhya Pradesh,461881,,,,,regional;indian,"Pandit Ji Refreshments, Mahadev Road, Pachmarhi, Pipariya Tahsil, Narmadapuram, Madhya Pradesh, 461881, India",India,22.4598654,78.4267826,"https://www.google.com/maps?q=22.4598654,78.4267826",Budget
Karnawat hotel,Restaurant,Hotel Restaurant,Indore,Madhya Pradesh,452001,,,,,multicuisine,"Karnawat hotel, 13 Old, Indore City, Indore, Juni Indore Tahsil, Indore, Madhya Pradesh, 452001, India",India,22.7571946,75.8849532,"https://www.google.com/maps?q=22.7571946,75.8849532",Budget
Mukesh Sweets,Restaurant,Restaurant,Dewas,Madhya Pradesh,455001,,,,,samosa;poha;tea,"Mukesh Sweets, Devas - Ujjain Highway, Dewas, Dewas Nagar Tahsil, Dewas, Madhya Pradesh, 455001, India",India,22.9664971,76.0502329,"https://www.google.com/maps?q=22.9664971,76.0502329",Budget
Gopal JI,Restaurant,Restaurant,Jabalpur,Madhya Pradesh,482007,,,,,multicuisine,"Gopal JI, Delite Talkies Road, Sadar, Jabalpur, Ranjhi Tahsil, Jabalpur, Madhya Pradesh, 482007, India",India,23.1633165,79.9545847,"https://www.google.com/maps?q=23.1633165,79.9545847",Budget
rk restuarant,Restaurant,Restaurant,Udaipura,Madhya Pradesh,464770,,,,,indian,"rk restarurant, NH45, Udaipura, Udaipura Tahsil, Raisen, Madhya Pradesh, 464770, India",India,23.0720647,78.5131213,"https://www.google.com/maps?q=23.0720647,78.5131213",Budget
Jain Mithai Bhandar(JMB),Restaurant,Restaurant,Indore,Madhya Pradesh,452001,,,,,thai,"Jain Mithai Bhandar(JMB), Anand Bazar Road, Indore City, Indore, Juni Indore Tahsil, Indore, Madhya Pradesh, 452001, India",India,22.727255,75.8945618,"https://www.google.com/maps?q=22.727255,75.8945618",Mid-Range
Apna Sweets,Restaurant,Restaurant,Indore,Madhya Pradesh,452001,,,,,multicuisine,"Apna Sweets, Greater Kailash Road, Indore City, Indore, Juni Indore Tahsil, Indore, Madhya Pradesh, 452001, India",India,22.7257518,75.8920658,"https://www.google.com/maps?q=22.7257518,75.8920658",Budget
Alfanzo,Restaurant,Restaurant,Gwalior,Madhya Pradesh,474001,,,,,indian,"Alfanzo, Madhav Rao Scindia Marg, Gwalior, Madhya Pradesh, 474001, India",India,26.2090183,78.1877501,"https://www.google.com/maps?q=26.2090183,78.1877501",Budget
Mandu Retreat Restaurant,Restaurant,Restaurant,Nalchha,Madhya Pradesh,454010,,,,,indian,"Mandu Retreat Restaurant, Indore-Mandu Road, Mandu, Nalchha, Pithampur Tahsil, Dhar, Madhya Pradesh, 454010, India",India,22.355671,75.3965578,"https://www.google.com/maps?q=22.355671,75.3965578",Budget
Sharan Restauran,Restaurant,Restaurant,Betul,Madhya Pradesh,460001,www.hotelabhashree.com,,,+91 7141 234338,regional,"Sharan Restauran, MD3504, Betul, Betul Tahsil, Betul, Madhya Pradesh, 460001, India",India,21.9022284,77.907556,"https://www.google.com/maps?q=21.9022284,77.907556",Budget
Manohar Dairy & Restaurant,Restaurant,Restaurant,Bhopal,Madhya Pradesh,462001,,,,,regional,"Manohar Dairy & Restaurant, Chetak Flyover, Zone-I, Bhopal, Huzur Tahsil, Bhopal, Madhya Pradesh, 462001, India",India,23.234239,77.4339722,"https://www.google.com/maps?q=23.234239,77.4339722",Budget
Shree Krishna Chaat,Restaurant,Restaurant,Bhopal,Madhya Pradesh,462001,,,,,regional,"Shree Krishna Chaat, 9, MD3108, Peer Gate Area, Ibrahimpura, Bhopal, Huzur Tahsil, Bhopal, Madhya Pradesh, 462001, India",India,23.2574182,77.4112473,"https://www.google.com/maps?q=23.2574182,77.4112473",Budget
Mediterraneo Restaurant,Restaurant,Restaurant,Khajuraho,Madhya Pradesh,471606,,,,,indian,"Mediterraneo Restaurant, SH5, Khajuraho, Rajnagar Tahsil, Chhatarpur, Madhya Pradesh, 471606, India",India,24.8512312,79.9257724,"https://www.google.com/maps?q=24.8512312,79.9257724",Budget
Bhojanalay and Tiffin Centre,Restaurant,Restaurant,Indore,Madhya Pradesh,452001,,,,,multicuisine,"Bhojanalay and Tiffin Centre, Ring Road, Piplya Kumar, Indore, Juni Indore Tahsil, Indore, Madhya Pradesh, 452001, India",India,22.7554685,75.9049511,"https://www.google.com/maps?q=22.7554685,75.9049511",Budget
MY Kitchen Restaurant,Restaurant,Restaurant,Indore,Madhya Pradesh,452001,,,,,indian,"MY Kitchen Restaurant, Ring Road, Piplya Kumar, Indore, Juni Indore Tahsil, Indore, Madhya Pradesh, 452001, India",India,22.7562278,75.9051644,"https://www.google.com/maps?q=22.7562278,75.9051644",Budget
hazi samosa center,Restaurant,Restaurant,Indore,Madhya Pradesh,452001,,,,,"creamrole_biscuit,chai","hazi samosa center, MTH Compound Road, Martand Chowk, Indore City, Indore, Juni Indore Tahsil, Indore, Madhya Pradesh, 452001, India",India,22.7190137,75.8593867,"https://www.google.com/maps?q=22.7190137,75.8593867",Budget
Mr. Singh's Restaurant,Restaurant,Restaurant,Indore,Madhya Pradesh,452001,,,,,indian,"Mr. Singh's Restaurant, Street Road Conncetivity, raddison, Indore City, Indore, Juni Indore Tahsil, Indore, Madhya Pradesh, 452001, India",India,22.7536052,75.9013727,"https://www.google.com/maps?q=22.7536052,75.9013727",Budget
Nafees,Restaurant,Restaurant,Indore,Madhya Pradesh,452001,,,,,multicuisine,"Nafees, Greater Kailash Road, Indore City, Indore, Juni Indore Tahsil, Indore, Madhya Pradesh, 452001, India",India,22.7257453,75.8883492,"https://www.google.com/maps?q=22.7257453,75.8883492",Budget
Indian Coffee House,Restaurant,Cafe,Jabalpur,Madhya Pradesh,482001,,,,,south_indian;coffee,"Indian Coffee House, Dr Barat Road, Sadar, Jabalpur, GorakhpurTahsil, Jabalpur, Madhya Pradesh, 482001, India",India,23.1540567,79.9489513,"https://www.google.com/maps?q=23.1540567,79.9489513",Budget
Saifee Restaurant,Restaurant,Restaurant,Indore,Madhya Pradesh,452001,,,,,regional,"Saifee Restaurant, Jawahar Marg, Champabagh, Indore City, Indore, Juni Indore Tahsil, Indore, Madhya Pradesh, 452001, India",India,22.7160939,75.8641447,"https://www.google.com/maps?q=22.7160939,75.8641447",Budget
Saifee Hotel,Restaurant,Hotel Restaurant,Indore,Madhya Pradesh,452001,,,,,regional,"Saifee Hotel, Jawahar Marg, Champabagh, Indore City, Indore, Juni Indore Tahsil, Indore, Madhya Pradesh, 452001, India",India,22.7163833,75.8640405,"https://www.google.com/maps?q=22.7163833,75.8640405",Budget
MANIT Canteen,Restaurant,Restaurant,Bhopal,Madhya Pradesh,462001,,,,,multicuisine,"MANIT Canteen, MD3118, Harshwardhan Nagar, Bhopal, Huzur Tahsil, Bhopal, Madhya Pradesh, 462001, India",India,23.2153081,77.4062995,"https://www.google.com/maps?q=23.2153081,77.4062995",Budget
Bapu Ki Kutia,Restaurant,Restaurant,Bhopal,Madhya Pradesh,462003,https://bapukikutia.in/,,,+91- 98260-23724,multicuisine,"Bapu Ki Kutia, MD3110, New Market, Ibrahimpura, Bhopal, Huzur Tahsil, Bhopal, Madhya Pradesh, 462003, India",India,23.2387189,77.4024992,"https://www.google.com/maps?q=23.2387189,77.4024992",Budget
Agrasen,Restaurant,Restaurant,Khajuraho,Madhya Pradesh,471505,,,,,multicuisine,"Agrasen, SH5, Khajuraho, Rajnagar Tahsil, Chhatarpur, Madhya Pradesh, 471505, India",India,24.8511199,79.9259427,"https://www.google.com/maps?q=24.8511199,79.9259427",Budget
Ganesh,Restaurant,Restaurant,Khajuraho,Madhya Pradesh,471505,,,,,multicuisine,"Ganesh, SH5, Khajuraho, Rajnagar Tahsil, Chhatarpur, Madhya Pradesh, 471505, India",India,24.8501658,79.9233157,"https://www.google.com/maps?q=24.8501658,79.9233157",Budget
Milan Restaurant,Restaurant,Restaurant,Bhopal,Madhya Pradesh,462001,,,,,indian,"Milan Restaurant, GG Flyover, Maharana Pratap Nagar, Bhopal, Huzur Tahsil, Bhopal, Madhya Pradesh, 462001, India",India,23.2325897,77.4332685,"https://www.google.com/maps?q=23.2325897,77.4332685",Budget
Treat Family Restaurant,Restaurant,Restaurant,Gwalior,Madhya Pradesh,474012,,,,7879015449,indian,"Treat Family Restaurant, Bahodapur Road, Gwalior, Gird Tahsil, Gwalior, Madhya Pradesh, 474012, India",India,26.220707,78.1604163,"https://www.google.com/maps?q=26.220707,78.1604163",Budget
Bhola Restaurant,Restaurant,Restaurant,Orchha,Madhya Pradesh,472246,,,,,indian;breakfast;arab;burger;coffee_shop;curry;italian;local;pancake;savory_pancakes,"Bhola Restaurant, NH539, Orchha, Orchha Tahsil, Niwari, Madhya Pradesh, 472246, India",India,25.3507783,78.6410287,"https://www.google.com/maps?q=25.3507783,78.6410287",Budget
Chote Nawab,Restaurant,Restaurant,Bhopal,Madhya Pradesh,462001,,,,,multicuisine,"Chote Nawab, MD3119, Habibganj, Bhopal, Huzur Tahsil, Bhopal, Madhya Pradesh, 462001, India",India,23.2228062,77.4451417,"https://www.google.com/maps?q=23.2228062,77.4451417",Budget
Mama Sweets,Restaurant,Restaurant,Bhopal,Madhya Pradesh,462001,,,,,multicuisine,"Mama Sweets, MD3119, Habibganj, Bhopal, Huzur Tahsil, Bhopal, Madhya Pradesh, 462001, India",India,23.2224525,77.4452758,"https://www.google.com/maps?q=23.2224525,77.4452758",Budget
Sunshine Tea Stall,Restaurant,Restaurant,Bhopal,Madhya Pradesh,462001,,,,,multicuisine,"Sunshine Tea Stall, MD3119, Habibganj, Bhopal, Huzur Tahsil, Bhopal, Madhya Pradesh, 462001, India",India,23.222466,77.4449821,"https://www.google.com/maps?q=23.222466,77.4449821",Budget
Nashta Ghar,Restaurant,Restaurant,Bhopal,Madhya Pradesh,462001,,,,,multicuisine,"Nashta Ghar, MD3119, Habibganj, BHEL Township, Bhopal, Huzur Tahsil, Bhopal, Madhya Pradesh, 462001, India",India,23.2228148,77.445304,"https://www.google.com/maps?q=23.2228148,77.445304",Budget
Raja's Cafe,Restaurant,Cafe,Khajuraho,Madhya Pradesh,471505,,,,,cafe,"Raja's Cafe, SH5, Khajuraho, Rajnagar Tahsil, Chhatarpur, Madhya Pradesh, 471505, India",India,24.8528511,79.922988,"https://www.google.com/maps?q=24.8528511,79.922988",Budget
Lassi Corner,Restaurant,Restaurant,Khajuraho,Madhya Pradesh,471505,,,,,indian;pancake,"Lassi Corner, SH5, Khajuraho, Rajnagar Tahsil, Chhatarpur, Madhya Pradesh, 471505, India",India,24.8517419,79.9239995,"https://www.google.com/maps?q=24.8517419,79.9239995",Budget
Bella Italia,Restaurant,Restaurant,Khajuraho,Madhya Pradesh,471505,,,,,indian;italian,"Bella Italia, SH5, Khajuraho, Rajnagar Tahsil, Chhatarpur, Madhya Pradesh, 471505, India",India,24.8515249,79.9240155,"https://www.google.com/maps?q=24.8515249,79.9240155",Budget
Balaji Family Restaurant and Dhaba,Restaurant,Dhaba,Mordongari,Madhya Pradesh,480337,,,,,indian,"Balaji Family Restaurant and Dhaba, NH47, Mordongari, Mordongri, Seoni, Pandhurna Tahsil, Pandhurna, Madhya Pradesh, 480337, India",India,21.5795659,78.5654479,"https://www.google.com/maps?q=21.5795659,78.5654479",Budget
Mr. Beans,Restaurant,Restaurant,Indore,Madhya Pradesh,452001,https://www.mrbeans.in/,,,+91 731 428 5050,international,"Mr. Beans, Kanadia Road, Indore City, Indore, Juni Indore Tahsil, Indore, Madhya Pradesh, 452001, India",India,22.7232375,75.896927,"https://www.google.com/maps?q=22.7232375,75.896927",Budget
Kebabsville,Restaurant,Restaurant,Indore,Madhya Pradesh,452001,,,,,grill,"Kebabsville, MR10, Indore City, Indore, Juni Indore Tahsil, Indore, Madhya Pradesh, 452001, India",India,22.7508667,75.8893939,"https://www.google.com/maps?q=22.7508667,75.8893939",Budget
Blue Lagoon,Restaurant,Restaurant,Indore,Madhya Pradesh,452001,,,,,international,"Blue Lagoon, MR10, Indore City, Indore, Juni Indore Tahsil, Indore, Madhya Pradesh, 452001, India",India,22.7509417,75.8889642,"https://www.google.com/maps?q=22.7509417,75.8889642",Budget
Mediterra,Restaurant,Restaurant,Indore,Madhya Pradesh,452001,,,,,mediterranean,"Mediterra, MR10, Indore City, Indore, Juni Indore Tahsil, Indore, Madhya Pradesh, 452001, India",India,22.7515742,75.8890973,"https://www.google.com/maps?q=22.7515742,75.8890973",Premium
Chopstick City,Restaurant,Restaurant,Indore,Madhya Pradesh,452001,,,,,chinese,"Chopstick City, MR10, Indore City, Indore, Juni Indore Tahsil, Indore, Madhya Pradesh, 452001, India",India,22.7512405,75.8893495,"https://www.google.com/maps?q=22.7512405,75.8893495",Budget
Sanchi,Restaurant,Restaurant,Indore,Madhya Pradesh,452001,,,,,indian,"Sanchi, MR10, Indore City, Indore, Juni Indore Tahsil, Indore, Madhya Pradesh, 452001, India",India,22.7513794,75.8892539,"https://www.google.com/maps?q=22.7513794,75.8892539",Budget
Sakshi Dhaba,Restaurant,Dhaba,Bhopal,Madhya Pradesh,462044,,,,,regional,"Sakshi Dhaba, MD3124, Bhopal, Huzur Tahsil, Bhopal, Madhya Pradesh, 462044, India",India,23.2039138,77.3623026,"https://www.google.com/maps?q=23.2039138,77.3623026",Budget
Midway Treat Restaurant,Restaurant,Restaurant,Sohagi,Madhya Pradesh,486228,,,,,indian,"Midway Treat Restaurant, NH30, Ghuma, Sohagi, Teonthar Tahsil, Rewa, Madhya Pradesh, 486228, India",India,24.9230633,81.6863035,"https://www.google.com/maps?q=24.9230633,81.6863035",Budget
babla chicken centre,Restaurant,Restaurant,Indore,Madhya Pradesh,452001,,,,,fast_food,"babla chicken centre, Mahunaka Road, Indore City, Indore, Juni Indore Tahsil, Indore, Madhya Pradesh, 452001, India",India,22.7048167,75.844087,"https://www.google.com/maps?q=22.7048167,75.844087",Budget
Prashant Restaurant,Restaurant,Restaurant,Indore,Madhya Pradesh,452001,,,,,indian,"Prashant Restaurant, Kanadia Road, Indore City, Indore, Juni Indore Tahsil, Indore, Madhya Pradesh, 452001, India",India,22.7206932,75.9014201,"https://www.google.com/maps?q=22.7206932,75.9014201",Budget
Safari Canteen,Restaurant,Restaurant,Khajuraho,Madhya Pradesh,471505,,,,,multicuisine,"Safari Canteen, SH5, Khajuraho, Rajnagar Tahsil, Chhatarpur, Madhya Pradesh, 471505, India",India,24.8517823,79.9236826,"https://www.google.com/maps?q=24.8517823,79.9236826",Budget
Indiana,Restaurant,Restaurant,Khajuraho,Madhya Pradesh,471505,,,,,indian,"Indiana, SH5, Khajuraho, Rajnagar Tahsil, Chhatarpur, Madhya Pradesh, 471505, India",India,24.8515592,79.9243641,"https://www.google.com/maps?q=24.8515592,79.9243641",Budget
Madras Coffee House,Restaurant,Cafe,Khajuraho,Madhya Pradesh,471505,,,,,cafe,"Madras Coffee House, SH5, Khajuraho, Rajnagar Tahsil, Chhatarpur, Madhya Pradesh, 471505, India",India,24.8519317,79.923389,"https://www.google.com/maps?q=24.8519317,79.923389",Budget
Indiana Restaurant,Restaurant,Restaurant,Khajuraho,Madhya Pradesh,471505,,,,,indian,"Indiana Restaurant, SH5, Khajuraho, Rajnagar Tahsil, Chhatarpur, Madhya Pradesh, 471505, India",India,24.8514324,79.9247635,"https://www.google.com/maps?q=24.8514324,79.9247635",Budget
Sakshi dhabha,Restaurant,Restaurant,Bhopal,Madhya Pradesh,462001,,,,,multicuisine,"Sakshi dhabha, MD3124, Bhopal, Huzur Tahsil, Bhopal, Madhya Pradesh, 462001, India",India,23.2041578,77.3622843,"https://www.google.com/maps?q=23.2041578,77.3622843",Budget
Ram Raja Restaurant & Cafe,Restaurant,Cafe,Orchha,Madhya Pradesh,472246,,,,+917680252697,indian;breakfast;coffee_shop;italian_pizza;pancake;chinese,"Ram Raja Restaurant & Cafe, NH539, Orchha, Orchha Tahsil, Niwari, Madhya Pradesh, 472246, India",India,25.3507378,78.6414687,"https://www.google.com/maps?q=25.3507378,78.6414687",Budget
Sai prasad,Restaurant,Restaurant,Indore,Madhya Pradesh,452001,,,,,multicuisine,"Sai prasad, RNT marg, Indore City, Indore, Juni Indore Tahsil, Indore, Madhya Pradesh, 452001, India",India,22.7177775,75.8695959,"https://www.google.com/maps?q=22.7177775,75.8695959",Budget
Neelkamal restaurant,Restaurant,Restaurant,Indore,Madhya Pradesh,452001,,,,,indian,"Neelkamal restaurant, RNT marg, Indore City, Indore, Juni Indore Tahsil, Indore, Madhya Pradesh, 452001, India",India,22.7178272,75.8694472,"https://www.google.com/maps?q=22.7178272,75.8694472",Budget
Neelkanth restaurant,Restaurant,Restaurant,Indore,Madhya Pradesh,452001,,,,,indian,"Neelkanth restaurant, RNT marg, Indore City, Indore, Juni Indore Tahsil, Indore, Madhya Pradesh, 452001, India",India,22.7177657,75.8698126,"https://www.google.com/maps?q=22.7177657,75.8698126",Budget
Manohar dairy & Restaurant,Restaurant,Restaurant,Bhopal,Madhya Pradesh,462001,,,,,indian,"Manohar dairy & Restaurant, Hamidiya road, Peer Gate Area, Ibrahimpura, Bhopal, Huzur Tahsil, Bhopal, Madhya Pradesh, 462001, India",India,23.2641182,77.4084612,"https://www.google.com/maps?q=23.2641182,77.4084612",Budget
Millan,Restaurant,Restaurant,Orchha,Madhya Pradesh,472246,,,,,indian;italian_pizza;breakfast,"Millan, NH539, Orchha, Orchha Tahsil, Niwari, Madhya Pradesh, 472246, India",India,25.3507751,78.6412349,"https://www.google.com/maps?q=25.3507751,78.6412349",Budget
Wood Wind Bakery Lounge,Restaurant,Restaurant,Bhopal,Madhya Pradesh,462001,,,,,multicuisine,"Wood Wind Bakery Lounge, bharat nagar road, SHAHPURA VILLAGE, Hoshangabad Road, Bhopal, Huzur Tahsil, Bhopal, Madhya Pradesh, 462001, India",India,23.1925884,77.4332746,"https://www.google.com/maps?q=23.1925884,77.4332746",Budget
Bhopal Express,Restaurant,Restaurant,Bhopal,Madhya Pradesh,462001,,,,,multicuisine,"Bhopal Express, Lake View Walk Path, Krishna Nagar, Ibrahimpura, Bhopal, Huzur Tahsil, Bhopal, Madhya Pradesh, 462001, India",India,23.2426214,77.3874912,"https://www.google.com/maps?q=23.2426214,77.3874912",Budget
Maa Annapurna Restaurant,Restaurant,Restaurant,Dhimarpura,Madhya Pradesh,472246,,,,,indian,"Maa Annapurna Restaurant, NH539, Dhimarpura, Orchha Tahsil, Niwari, Madhya Pradesh, 472246, India",India,25.3509712,78.6406979,"https://www.google.com/maps?q=25.3509712,78.6406979",Budget
Blue Sky restaurant,Restaurant,Restaurant,Khajuraho,Madhya Pradesh,471505,,,,,indian;italian,"Blue Sky restaurant, SH5, Khajuraho, Rajnagar Tahsil, Chhatarpur, Madhya Pradesh, 471505, India",India,24.8532883,79.9229986,"https://www.google.com/maps?q=24.8532883,79.9229986",Budget
Paradise Restaurant,Restaurant,Restaurant,Khajuraho,Madhya Pradesh,471505,,,,,indian,"Paradise Restaurant, SH5, Khajuraho, Rajnagar Tahsil, Chhatarpur, Madhya Pradesh, 471505, India",India,24.8500273,79.9233056,"https://www.google.com/maps?q=24.8500273,79.9233056",Budget
Saffron restaurant,Restaurant,Restaurant,Khajuraho,Madhya Pradesh,471505,,,,,indian,"Saffron restaurant, SH5, Khajuraho, Rajnagar Tahsil, Chhatarpur, Madhya Pradesh, 471505, India",India,24.8527317,79.9232998,"https://www.google.com/maps?q=24.8527317,79.9232998",Budget
Meena Hotel,Restaurant,Hotel Restaurant,Bhopal,Madhya Pradesh,462003,,,,,multicuisine,"Meena Hotel, MD3124, Neelbad, Bhopal, Huzur Tahsil, Bhopal, Madhya Pradesh, 462003, India",India,23.2024194,77.3560413,"https://www.google.com/maps?q=23.2024194,77.3560413",Budget
Panwar Dhaba,Restaurant,Dhaba,Nasrullahganj,Madhya Pradesh,466331,,,,,north_indian,"Panwar Dhaba, NH146B, Nasrullahganj, Nasrullaganj Tahsil, Sehore, Madhya Pradesh, 466331, India",India,22.6878814,77.2845022,"https://www.google.com/maps?q=22.6878814,77.2845022",Budget
Aarti Bhojnaleya,Restaurant,Restaurant,Sonthiya,Madhya Pradesh,466331,,,,,multicuisine,"Aarti Bhojnaleya, MD3216, Sonthiya, Chich, Sonthiya, Nasrullaganj Tahsil, Sehore, Madhya Pradesh, 466331, India",India,22.6401629,77.2757027,"https://www.google.com/maps?q=22.6401629,77.2757027",Budget
gurú kripa,Restaurant,Restaurant,Khajuraho,Madhya Pradesh,471505,,,,,multicuisine,"gurú kripa, SH5, Khajuraho, Rajnagar Tahsil, Chhatarpur, Madhya Pradesh, 471505, India",India,24.851003,79.9260001,"https://www.google.com/maps?q=24.851003,79.9260001",Budget
Rimjhim Raj Restaurant,Restaurant,Restaurant,Orchha,Madhya Pradesh,472246,,,,,indian,"Rimjhim Raj Restaurant, MD1702, Orchha, Orchha Tahsil, Niwari, Madhya Pradesh, 472246, India",India,25.3516005,78.6391125,"https://www.google.com/maps?q=25.3516005,78.6391125",Budget
Goa Restaurant,Restaurant,Restaurant,Khajuraho,Madhya Pradesh,471505,,,,,indian,"Goa Restaurant, SH5, Khajuraho, Rajnagar Tahsil, Chhatarpur, Madhya Pradesh, 471505, India",India,24.8506853,79.923336,"https://www.google.com/maps?q=24.8506853,79.923336",Budget
CanteenS Hg C Canteen,Restaurant,Restaurant,Bhopal,Madhya Pradesh,462001,,,,,multicuisine,"CanteenS Hg C Canteen, CTD road, Bairagarh, Bhopal, Huzur Tahsil, Bhopal, Madhya Pradesh, 462001, India",India,23.2657076,77.3460173,"https://www.google.com/maps?q=23.2657076,77.3460173",Budget
Narmada Restaurant,Restaurant,Restaurant,Bhopal,Madhya Pradesh,462001,,,,,indian,"Narmada Restaurant, CTD road, Bairagarh, Bhopal, Huzur Tahsil, Bhopal, Madhya Pradesh, 462001, India",India,23.2737474,77.3482334,"https://www.google.com/maps?q=23.2737474,77.3482334",Budget
Canteen,Restaurant,Restaurant,Bhopal,Madhya Pradesh,462001,,,,,multicuisine,"Canteen, CTD road, Bairagarh, Bhopal, Huzur Tahsil, Bhopal, Madhya Pradesh, 462001, India",India,23.2729798,77.339681,"https://www.google.com/maps?q=23.2729798,77.339681",Budget
Shagun,Restaurant,Restaurant,Bhopal,Madhya Pradesh,462001,,,,,multicuisine,"Shagun, CTD road, Bairagarh, Bhopal, Huzur Tahsil, Bhopal, Madhya Pradesh, 462001, India",India,23.2721881,77.3388156,"https://www.google.com/maps?q=23.2721881,77.3388156",Budget
New Darbar,Restaurant,Bar & Restaurant,Bhopal,Madhya Pradesh,462001,,,,,multicuisine,"New Darbar, CTD road, Bairagarh, Bhopal, Huzur Tahsil, Bhopal, Madhya Pradesh, 462001, India",India,23.271651,77.3377732,"https://www.google.com/maps?q=23.271651,77.3377732",Budget
SHUDDH BARFI HOUSE,Restaurant,Bar & Restaurant,Bhopal,Madhya Pradesh,462001,,,,,multicuisine,"SHUDDH BARFI HOUSE, CTD road, Bairagarh, Bhopal, Huzur Tahsil, Bhopal, Madhya Pradesh, 462001, India",India,23.2708541,77.3384221,"https://www.google.com/maps?q=23.2708541,77.3384221",Budget
The taste of Nepal,Restaurant,Restaurant,Bhopal,Madhya Pradesh,462001,,,,,multicuisine,"The taste of Nepal, CTD road, Bairagarh, Bhopal, Huzur Tahsil, Bhopal, Madhya Pradesh, 462001, India",India,23.269664,77.3359347,"https://www.google.com/maps?q=23.269664,77.3359347",Budget
Evergreen Restaurant,Restaurant,Restaurant,Bhopal,Madhya Pradesh,462001,,,,,indian,"Evergreen Restaurant, CTD road, Bairagarh, Bhopal, Huzur Tahsil, Bhopal, Madhya Pradesh, 462001, India",India,23.2683053,77.3210879,"https://www.google.com/maps?q=23.2683053,77.3210879",Budget
CHIRAYU BACKSIDE CANTEEN,Restaurant,Restaurant,Bhopal,Madhya Pradesh,462001,,,,,multicuisine,"CHIRAYU BACKSIDE CANTEEN, Bhopal Bypass Rd, Bhaunri, Bhopal, Huzur Tahsil, Bhopal, Madhya Pradesh, 462001, India",India,23.2703202,77.3089227,"https://www.google.com/maps?q=23.2703202,77.3089227",Budget
MP Restra,Restaurant,Restaurant,Dhar,Madhya Pradesh,454001,,,,,multicuisine,"MP Restra, Jawahar Marg, Dhar, Dhar Tahsil, Dhar, Madhya Pradesh, 454001, India",India,22.5959884,75.2988096,"https://www.google.com/maps?q=22.5959884,75.2988096",Budget
Silver saloon,Restaurant,Restaurant,Gwalior,Madhya Pradesh,474001,,,,,multicuisine,"Silver saloon, Bahodapur Road, Gwalior, Gird Tahsil, Gwalior, Madhya Pradesh, 474001, India",India,26.2114571,78.1505151,"https://www.google.com/maps?q=26.2114571,78.1505151",Budget
Punjabi food factory,Restaurant,Restaurant,Gwalior,Madhya Pradesh,474001,,,,,north_indian,"Punjabi food factory, Maharani LaxhmiBai Marg, Gwalior, Gird Tahsil, Gwalior, Madhya Pradesh, 474001, India",India,26.2237022,78.1718739,"https://www.google.com/maps?q=26.2237022,78.1718739",Budget
Shree Bhukkads a food lounge,Restaurant,Restaurant,Gwalior,Madhya Pradesh,474001,,,,,multicuisine,"Shree Bhukkads a food lounge, Padaav Pul Flyover, Gwalior, Gird Tahsil, Gwalior, Madhya Pradesh, 474001, India",India,26.2185696,78.182155,"https://www.google.com/maps?q=26.2185696,78.182155",Budget
Man bhavan,Restaurant,Restaurant,Indore,Madhya Pradesh,452001,,,,,multicuisine,"Man bhavan, Maharaja Yeshwantrao Hospital Road, Indore City, Indore, Juni Indore Tahsil, Indore, Madhya Pradesh, 452001, India",India,22.7137187,75.8745701,"https://www.google.com/maps?q=22.7137187,75.8745701",Budget
Kabeer roasted chicken,Restaurant,Restaurant,Indore,Madhya Pradesh,452001,,,,,fast_food,"Kabeer roasted chicken, Chhavni Road, Indore City, Indore, Juni Indore Tahsil, Indore, Madhya Pradesh, 452001, India",India,22.7138033,75.8745714,"https://www.google.com/maps?q=22.7138033,75.8745714",Budget
Indian coffee house,Restaurant,Cafe,Gwalior,Madhya Pradesh,474001,,,,,cafe,"Indian coffee house, Padav Pul, Gwalior, Gird Tahsil, Gwalior, Madhya Pradesh, 474001, India",India,26.2152944,78.1830362,"https://www.google.com/maps?q=26.2152944,78.1830362",Budget
Open Sky Restaurant,Restaurant,Restaurant,Dhimarpura,Madhya Pradesh,472246,,,,,indian,"Open Sky Restaurant, NH539, Dhimarpura, Orchha Tahsil, Niwari, Madhya Pradesh, 472246, India",India,25.3516514,78.6407966,"https://www.google.com/maps?q=25.3516514,78.6407966",Budget
Indiana Restaurant,Restaurant,Restaurant,Orchha,Madhya Pradesh,472246,,,,+919302354368,indian;italian_pizza,"Indiana Restaurant, NH539, Orchha, Orchha Tahsil, Niwari, Madhya Pradesh, 472246, India",India,25.3495724,78.6409776,"https://www.google.com/maps?q=25.3495724,78.6409776",Budget
Laxmi Betwa Tarang Restaurant,Restaurant,Restaurant,Orchha,Madhya Pradesh,472246,,,,+91 76802 52081,indian;chinese;breakfast;italian_pizza;pancake,"Laxmi Betwa Tarang Restaurant, NH539, Orchha, Orchha Tahsil, Niwari, Madhya Pradesh, 472246, India",India,25.3507053,78.6411679,"https://www.google.com/maps?q=25.3507053,78.6411679",Budget
Bundeli Restaurant,Restaurant,Restaurant,Orchha,Madhya Pradesh,472246,,,,,indian,"Bundeli Restaurant, NH539, Orchha, Orchha Tahsil, Niwari, Madhya Pradesh, 472246, India",India,25.3498763,78.6409789,"https://www.google.com/maps?q=25.3498763,78.6409789",Budget
Maharaja Cafe & Restaurant,Restaurant,Cafe,Khajuraho,Madhya Pradesh,471505,,,,,breakfast;indian;chinese,"Maharaja Cafe & Restaurant, SH5, Khajuraho, Rajnagar Tahsil, Chhatarpur, Madhya Pradesh, 471505, India",India,24.8523054,79.9234109,"https://www.google.com/maps?q=24.8523054,79.9234109",Budget
Gagan Restaurant,Restaurant,Restaurant,Khajuraho,Madhya Pradesh,471505,,,,+91 98933 45114,indian;chinese;breakfast;italian_pizza;sandwich;pancake,"Gagan Restaurant, SH5, Khajuraho, Rajnagar Tahsil, Chhatarpur, Madhya Pradesh, 471505, India",India,24.8498595,79.9232639,"https://www.google.com/maps?q=24.8498595,79.9232639",Budget
Mahveer Restaurant,Restaurant,Restaurant,Khajuraho,Madhya Pradesh,471505,,,,,indian;breakfast,"Mahveer Restaurant, SH5, Khajuraho, Rajnagar Tahsil, Chhatarpur, Madhya Pradesh, 471505, India",India,24.8441325,79.9348831,"https://www.google.com/maps?q=24.8441325,79.9348831",Budget
Badri Seth Marwadi Bhoj,Restaurant,Restaurant,Khajuraho,Madhya Pradesh,471505,,,,,indian,"Badri Seth Marwadi Bhoj, SH5, Khajuraho, Rajnagar Tahsil, Chhatarpur, Madhya Pradesh, 471505, India",India,24.8492398,79.92326,"https://www.google.com/maps?q=24.8492398,79.92326",Budget
Krishna Restaurant,Restaurant,Restaurant,Sanwer Tahsil,Madhya Pradesh,453771,,,,,indian,"Krishna Restaurant, Old A. B. Road, Manglya, Sanwer Tahsil, Indore, Madhya Pradesh, 453771, India",India,22.8183481,75.9274068,"https://www.google.com/maps?q=22.8183481,75.9274068",Budget
Fort View Cafe,Restaurant,Cafe,Gwalior,Madhya Pradesh,474001,,,,,indian,"Fort View Cafe, Maharani LaxhmiBai Marg, Gwalior, Gird Tahsil, Gwalior, Madhya Pradesh, 474001, India",India,26.2289575,78.1681786,"https://www.google.com/maps?q=26.2289575,78.1681786",Budget
Safari Canteen 2,Restaurant,Restaurant,Khajuraho,Madhya Pradesh,471505,,,,,multicuisine,"Safari Canteen 2, SH5, Khajuraho, Rajnagar Tahsil, Chhatarpur, Madhya Pradesh, 471505, India",India,24.8517225,79.9244748,"https://www.google.com/maps?q=24.8517225,79.9244748",Budget
Gandhi Dham,Restaurant,Restaurant,Bhopal,Madhya Pradesh,462001,,,,,multicuisine,"Gandhi Dham, MD3110, Roshanpura, Bhopal, Huzur Tahsil, Bhopal, Madhya Pradesh, 462001, India",India,23.2386604,77.4024464,"https://www.google.com/maps?q=23.2386604,77.4024464",Budget
Saatvik,Restaurant,Restaurant,Bhopal,Madhya Pradesh,462001,,,,,multicuisine,"Saatvik, Subhash Yadav Marg, Police Radio Colony, Bhopal, Huzur Tahsil, Bhopal, Madhya Pradesh, 462001, India",India,23.2359564,77.4018192,"https://www.google.com/maps?q=23.2359564,77.4018192",Budget
Sweet & Salt Restaurant,Restaurant,Restaurant,Gwalior,Madhya Pradesh,474001,,,,,indian,"Sweet & Salt Restaurant, VIP Road, Gwalior, Gird Tahsil, Gwalior, Madhya Pradesh, 474001, India",India,26.2317778,78.2163548,"https://www.google.com/maps?q=26.2317778,78.2163548",Budget
Swad The Taste,Restaurant,Restaurant,Gwalior,Madhya Pradesh,474001,,,,,multicuisine,"Swad The Taste, VIP Road, Gwalior, Gird Tahsil, Gwalior, Madhya Pradesh, 474001, India",India,26.2317197,78.2164964,"https://www.google.com/maps?q=26.2317197,78.2164964",Budget
Kwality,Restaurant,Restaurant,Bhopal,Madhya Pradesh,462001,,,,,south_indian;chaat;italian,"Kwality, Bhadbhada Road, STT Nagar, Bhopal, Huzur Tahsil, Bhopal, Madhya Pradesh, 462001, India",India,23.2365447,77.4006669,"https://www.google.com/maps?q=23.2365447,77.4006669",Budget
Indian Coffee House,Restaurant,Cafe,Bhopal,Madhya Pradesh,462001,,,,,south_indian;north_indian;chinese,"Indian Coffee House, Subhash Yadav Marg, Police Radio Colony, Bhopal, Huzur Tahsil, Bhopal, Madhya Pradesh, 462001, India",India,23.234346,77.4019146,"https://www.google.com/maps?q=23.234346,77.4019146",Budget
Pitchers Cafebar,Restaurant,Bar & Restaurant,Indore,Madhya Pradesh,452001,,,,,coffee_shop,"Pitchers Cafebar, Old A. B. Road, Indore City, Indore, Juni Indore Tahsil, Indore, Madhya Pradesh, 452001, India",India,22.7443446,75.8920419,"https://www.google.com/maps?q=22.7443446,75.8920419",Budget
Rishabh Restaurant,Restaurant,Restaurant,Khajuraho,Madhya Pradesh,471505,,,,,chinese;regional;breakfast;indian;local,"Rishabh Restaurant, SH5, Khajuraho, Rajnagar Tahsil, Chhatarpur, Madhya Pradesh, 471505, India",India,24.8457455,79.9304528,"https://www.google.com/maps?q=24.8457455,79.9304528",Budget
Moon Light Restaurant,Restaurant,Restaurant,Dhimarpura,Madhya Pradesh,472246,,,,,regional;indian;local,"Moon Light Restaurant, NH539, Dhimarpura, Orchha Tahsil, Niwari, Madhya Pradesh, 472246, India",India,25.3518282,78.6408692,"https://www.google.com/maps?q=25.3518282,78.6408692",Budget
Orchha hut Restaurant,Restaurant,Restaurant,Orchha,Madhya Pradesh,472246,,,,,chinese;sandwich;breakfast;italian;indian,"Orchha hut Restaurant, MD1702, Orchha, Orchha Tahsil, Niwari, Madhya Pradesh, 472246, India",India,25.3511997,78.6377498,"https://www.google.com/maps?q=25.3511997,78.6377498",Budget
रेस्टॉरेन्ट नोमाड्स,Restaurant,Restaurant,Orchha,Madhya Pradesh,472246,https://m.facebook.com/cfnomads/,,,084472 71631,mediterranean;tea;chinese;pizza;burger;pasta;breakfast;indian,"रेस्टॉरेन्ट नोमाड्स, NH539, Orchha, Orchha Tahsil, Niwari, Madhya Pradesh, 472246, India",India,25.3475921,78.6410926,"https://www.google.com/maps?q=25.3475921,78.6410926",Budget
# Pizza Kitchen,Restaurant,Restaurant,Datia,Madhya Pradesh,475661,,,,+91 9336888383,pizza;italian_pizza;burger;italian;pasta;snacks,"# Pizza Kitchen, 5, SH1, Datia, Datia Nagar Tahsil, Datia, Madhya Pradesh, 475661, India",India,25.6649631,78.4609911,"https://www.google.com/maps?q=25.6649631,78.4609911",Budget
Pizza Hut,Restaurant,Restaurant,Indore,Madhya Pradesh,452001,,,,,pizza,"Pizza Hut, Vishal Trinity, Sapna Sangeeta Road, Indore City, Indore, Juni Indore Tahsil, Indore, Madhya Pradesh, 452001, India",India,22.7004322,75.8680274,"https://www.google.com/maps?q=22.7004322,75.8680274",Budget
Pizza Hut,Restaurant,Restaurant,Indore,Madhya Pradesh,452001,,,,,pizza,"Pizza Hut, Rafael Tower, Greater Kailash Road, Indore City, Indore, Juni Indore Tahsil, Indore, Madhya Pradesh, 452001, India",India,22.7252554,75.8943212,"https://www.google.com/maps?q=22.7252554,75.8943212",Budget
Pizza Hut,Restaurant,Restaurant,Indore,Madhya Pradesh,452001,,,,,pizza,"Pizza Hut, Dhan Trident, S Service Road, Indore City, Indore, Juni Indore Tahsil, Indore, Madhya Pradesh, 452001, India",India,22.7538662,75.897717,"https://www.google.com/maps?q=22.7538662,75.897717",Budget
Pizza Hut,Restaurant,Restaurant,Indore,Madhya Pradesh,452001,,,,,pizza,"Pizza Hut, Malhar Mega Mall, Service Road, Indore City, Indore, Juni Indore Tahsil, Indore, Madhya Pradesh, 452001, India",India,22.7447525,75.8947744,"https://www.google.com/maps?q=22.7447525,75.8947744",Budget
Petu,Restaurant,Restaurant,Alipur,Madhya Pradesh,481776,,,,,multicuisine,"Petu, NH543, Samnapur, Alipur, Nainpur Tahsil, Mandla, Madhya Pradesh, 481776, India",India,22.4264351,80.1480228,"https://www.google.com/maps?q=22.4264351,80.1480228",Budget
Hotel Khajuraho Lake view,Restaurant,Hotel Restaurant,Khajuraho,Madhya Pradesh,471505,,,,,italian_pizza;chinese;tea;pizza;regional;pasta;italian;indian;local,"Hotel Khajuraho Lake view, SH5, Khajuraho, Rajnagar Tahsil, Chhatarpur, Madhya Pradesh, 471505, India",India,24.8493598,79.9233366,"https://www.google.com/maps?q=24.8493598,79.9233366",Budget
Lake view,Restaurant,Restaurant,Khajuraho,Madhya Pradesh,471505,,,,,multicuisine,"Lake view, SH5, Khajuraho, Rajnagar Tahsil, Chhatarpur, Madhya Pradesh, 471505, India",India,24.8496831,79.9232645,"https://www.google.com/maps?q=24.8496831,79.9232645",Budget
"Hotel Celebration , Bakery And Restaurant",Restaurant,Hotel Restaurant,Seoni Malwa,Madhya Pradesh,461223,,,,,indian,"Hotel Celebration , Bakery And Restaurant, Hoshangabad Road, Banapura, Seoni Malwa, Seoni-Malwa Tahsil, Narmadapuram, Madhya Pradesh, 461223, India",India,22.4578173,77.475453,"https://www.google.com/maps?q=22.4578173,77.475453",Budget
Indian Coffee House Betul,Restaurant,Cafe,Betul,Madhya Pradesh,460001,,,,,chicken;coffee_shop;regional;south_indian,"Indian Coffee House Betul, MD3504, Betul, Betul Tahsil, Betul, Madhya Pradesh, 460001, India",India,21.9050192,77.9017288,"https://www.google.com/maps?q=21.9050192,77.9017288",Budget
Mediterraneo,Restaurant,Restaurant,Orchha,Madhya Pradesh,472246,,,,,regional,"Mediterraneo, NH539, Orchha, Orchha Tahsil, Niwari, Madhya Pradesh, 472246, India",India,25.3497199,78.6409462,"https://www.google.com/maps?q=25.3497199,78.6409462",Budget
Amer Bakery Hut,Restaurant,Restaurant,Bhopal,Madhya Pradesh,462001,,,,,multicuisine,"Amer Bakery Hut, MD3118, Board Colony, Bhopal, Huzur Tahsil, Bhopal, Madhya Pradesh, 462001, India",India,23.2174899,77.4276323,"https://www.google.com/maps?q=23.2174899,77.4276323",Budget
china bowl,Restaurant,Restaurant,Bhopal,Madhya Pradesh,462001,,,,,multicuisine,"china bowl, MD3118, Arera Colony, Bhopal, Huzur Tahsil, Bhopal, Madhya Pradesh, 462001, India",India,23.2088598,77.4368158,"https://www.google.com/maps?q=23.2088598,77.4368158",Budget
e-7 resturant,Restaurant,Restaurant,Bhopal,Madhya Pradesh,462001,,,,,multicuisine,"e-7 resturant, MD3118, Arera Colony, Bhopal, Huzur Tahsil, Bhopal, Madhya Pradesh, 462001, India",India,23.2060998,77.437165,"https://www.google.com/maps?q=23.2060998,77.437165",Budget
DAL CHINI Restaurant,Restaurant,Restaurant,Indore,Madhya Pradesh,455001,,,,+91 99813 78262,chinese;sandwich;indian;italian_pizza,"DAL CHINI Restaurant, 104, Adinath Temple Jain Road, Dewas, Indore, Dewas Nagar Tahsil, Dewas, Madhya Pradesh, 455001, India",India,22.9589818,76.0426821,"https://www.google.com/maps?q=22.9589818,76.0426821",Budget
HOTEL THE ND GRANDE,Restaurant,Hotel Restaurant,Dabra,Madhya Pradesh,475110,,,,,multicuisine,"HOTEL THE ND GRANDE, Gali Number 4, Dabra, Dabra Tahsil, Gwalior, Madhya Pradesh, 475110, India",India,25.8835213,78.3334264,"https://www.google.com/maps?q=25.8835213,78.3334264",Budget
Rangoli Garden,Restaurant,Restaurant,Dabra,Madhya Pradesh,475110,,,,,multicuisine,"Rangoli Garden, Thakur Baba Road, Dabra, Dabra Tahsil, Gwalior, Madhya Pradesh, 475110, India",India,25.8834074,78.3334586,"https://www.google.com/maps?q=25.8834074,78.3334586",Budget
Ambika sweets,Restaurant,Restaurant,Indore,Madhya Pradesh,452001,,,,,multicuisine,"Ambika sweets, Kanadia Road, Indore City, Indore, Juni Indore Tahsil, Indore, Madhya Pradesh, 452001, India",India,22.7200466,75.9047668,"https://www.google.com/maps?q=22.7200466,75.9047668",Budget
Jainam food,Restaurant,Restaurant,Indore,Madhya Pradesh,452001,,,,,multicuisine,"Jainam food, Kanadia Road, Indore City, Indore, Juni Indore Tahsil, Indore, Madhya Pradesh, 452001, India",India,22.7207019,75.9004597,"https://www.google.com/maps?q=22.7207019,75.9004597",Budget
Sharma Sweets,Restaurant,Restaurant,Indore,Madhya Pradesh,452001,,,,,multicuisine,"Sharma Sweets, Kanadia Road, Indore City, Indore, Juni Indore Tahsil, Indore, Madhya Pradesh, 452001, India",India,22.721221,75.8985534,"https://www.google.com/maps?q=22.721221,75.8985534",Budget
ATKT cafe,Restaurant,Cafe,Indore,Madhya Pradesh,452001,,,,,cafe,"ATKT cafe, Ring Road Flyover, Indore City, Indore, Juni Indore Tahsil, Indore, Madhya Pradesh, 452001, India",India,22.7180111,75.9055138,"https://www.google.com/maps?q=22.7180111,75.9055138",Budget
Hotel Suraj,Restaurant,Hotel Restaurant,Dabra,Madhya Pradesh,475110,,,,,multicuisine,"Hotel Suraj, Power House Road, Buzurg, Dabra, Dabra Tahsil, Gwalior, Madhya Pradesh, 475110, India",India,25.8901193,78.3367735,"https://www.google.com/maps?q=25.8901193,78.3367735",Budget
Lord of Grill,Restaurant,Grill Restaurant,Indore,Madhya Pradesh,452001,,,,,indian,"Lord of Grill, Shaheed Tantiya Bhil Road, Limbodi, Indore, Juni Indore Tahsil, Indore, Madhya Pradesh, 452001, India",India,22.6636278,75.8838454,"https://www.google.com/maps?q=22.6636278,75.8838454",Budget
Apna Punjabi Dhaba,Restaurant,Dhaba,Indore,Madhya Pradesh,452001,,,,,indian,"Apna Punjabi Dhaba, Shaheed Tantiya Bhil Road, Bilawali, Indore, Juni Indore Tahsil, Indore, Madhya Pradesh, 452001, India",India,22.6634724,75.8834208,"https://www.google.com/maps?q=22.6634724,75.8834208",Budget
Maratha Darbar,Restaurant,Bar & Restaurant,Indore,Madhya Pradesh,452001,,,,,indian,"Maratha Darbar, Shaheed Tantiya Bhil Road, Bilawali, Indore, Juni Indore Tahsil, Indore, Madhya Pradesh, 452001, India",India,22.6582329,75.8846445,"https://www.google.com/maps?q=22.6582329,75.8846445",Budget
Maayra Ka Dhaaba,Restaurant,Restaurant,Indore,Madhya Pradesh,452001,,,,,indian,"Maayra Ka Dhaaba, Shaheed Tantiya Bhil Road, Limbodi, Indore, Juni Indore Tahsil, Indore, Madhya Pradesh, 452001, India",India,22.6781986,75.8777271,"https://www.google.com/maps?q=22.6781986,75.8777271",Budget
Ramesh South Indian,Restaurant,Restaurant,Indore,Madhya Pradesh,452001,,,,,indian,"Ramesh South Indian, Shaheed Tantiya Bhil Road, Indore City, Indore, Juni Indore Tahsil, Indore, Madhya Pradesh, 452001, India",India,22.6765013,75.8782914,"https://www.google.com/maps?q=22.6765013,75.8782914",Budget
Panna Restaurant & Sweets,Restaurant,Restaurant,Indore,Madhya Pradesh,452001,,,,,indian,"Panna Restaurant & Sweets, Shaheed Tantiya Bhil Road, Indore City, Indore, Juni Indore Tahsil, Indore, Madhya Pradesh, 452001, India",India,22.6729012,75.880289,"https://www.google.com/maps?q=22.6729012,75.880289",Budget
D. K. Restaurant,Restaurant,Restaurant,Indore,Madhya Pradesh,452001,,,,,indian,"D. K. Restaurant, Sant Nagar Ave, Sant Nagar, Indore City, Indore, Juni Indore Tahsil, Indore, Madhya Pradesh, 452001, India",India,22.6727602,75.8759284,"https://www.google.com/maps?q=22.6727602,75.8759284",Budget
Kushwah Ji Tiffin Center,Restaurant,Restaurant,Indore,Madhya Pradesh,452001,,,,,indian,"Kushwah Ji Tiffin Center, Sant Nagar Ave, Sant Nagar, Indore City, Indore, Juni Indore Tahsil, Indore, Madhya Pradesh, 452001, India",India,22.6724461,75.8754909,"https://www.google.com/maps?q=22.6724461,75.8754909",Budget
Kesarlal,Restaurant,Restaurant,Indore,Madhya Pradesh,452001,,,,,indian,"Kesarlal, Shaheed Tantiya Bhil Road, Indore City, Indore, Juni Indore Tahsil, Indore, Madhya Pradesh, 452001, India",India,22.6702374,75.881027,"https://www.google.com/maps?q=22.6702374,75.881027",Budget
Apna Sweets,Restaurant,Restaurant,Indore,Madhya Pradesh,452001,,,,,multicuisine,"Apna Sweets, Sapna Sangeeta Road, Indore City, Indore, Juni Indore Tahsil, Indore, Madhya Pradesh, 452001, India",India,22.6995369,75.8669063,"https://www.google.com/maps?q=22.6995369,75.8669063",Budget
Pishori Dhaba,Restaurant,Dhaba,Indore,Madhya Pradesh,452001,,,,,indian,"Pishori Dhaba, Bhawarkuwa Road, Indore City, Indore, Juni Indore Tahsil, Indore, Madhya Pradesh, 452001, India",India,22.6987248,75.8641434,"https://www.google.com/maps?q=22.6987248,75.8641434",Budget
Gurjar Restaurant,Restaurant,Restaurant,Indore,Madhya Pradesh,452001,,,,,indian,"Gurjar Restaurant, Ganesh Nagar Bylane, Ganesh Nagar, Indore City, Indore, Juni Indore Tahsil, Indore, Madhya Pradesh, 452001, India",India,22.6729545,75.8769241,"https://www.google.com/maps?q=22.6729545,75.8769241",Budget
Taste N Best,Restaurant,Restaurant,Indore,Madhya Pradesh,452001,,,,,multicuisine,"Taste N Best, Ganesh Nagar Bylane, Ganesh Nagar, Indore City, Indore, Juni Indore Tahsil, Indore, Madhya Pradesh, 452001, India",India,22.6729273,75.8766558,"https://www.google.com/maps?q=22.6729273,75.8766558",Budget
Sapna Restaurant,Restaurant,Restaurant,Indore,Madhya Pradesh,452001,,,,,indian,"Sapna Restaurant, Shaheed Tantiya Bhil Road, Limbodi, Indore, Juni Indore Tahsil, Indore, Madhya Pradesh, 452001, India",India,22.6789702,75.8772349,"https://www.google.com/maps?q=22.6789702,75.8772349",Budget
Hotel Bigwig,Restaurant,Hotel Restaurant,Jabalpur,Madhya Pradesh,482001,,,,,multicuisine,"Hotel Bigwig, 1450, Dr Barat Road, Jabalpur, GorakhpurTahsil, Jabalpur, Madhya Pradesh, 482001, India",India,23.160805,79.9393961,"https://www.google.com/maps?q=23.160805,79.9393961",Budget
Wayfare,Restaurant,Restaurant,Indore,Madhya Pradesh,452001,https://wayfare.thenationtrip.com,,,+91 93997 70600,chinese;fast_food;southern;indian,"Wayfare, 257, PU4, Service Road, Indore City, Indore, Juni Indore Tahsil, Indore, Madhya Pradesh, 452001, India",India,22.7461157,75.8956163,"https://www.google.com/maps?q=22.7461157,75.8956163",Budget
Sudarshan Restaurant,Restaurant,Restaurant,Bhopal,Madhya Pradesh,462066,,,,+919752948585,indian,"Sudarshan Restaurant, Bhopal Bypass Rd, Bhaunri, Bhopal, Huzur Tahsil, Bhopal, Madhya Pradesh, 462066, India",India,23.2854431,77.2742119,"https://www.google.com/maps?q=23.2854431,77.2742119",Budget
Satkar Pure Veg,Restaurant,Restaurant,Indore,Madhya Pradesh,452001,,,,,indian,"Satkar Pure Veg, Shaheed Tantiya Bhil Road, Indore City, Indore, Juni Indore Tahsil, Indore, Madhya Pradesh, 452001, India",India,22.6725136,75.8803559,"https://www.google.com/maps?q=22.6725136,75.8803559",Budget
Kitchen Sensation,Restaurant,Restaurant,Indore,Madhya Pradesh,452001,,,,+919039046282,indian,"Kitchen Sensation, LG12 One Centre, Mahatma Gandhi Marg, Indore City, Indore, Juni Indore Tahsil, Indore, Madhya Pradesh, 452001, India",India,22.7244192,75.8847302,"https://www.google.com/maps?q=22.7244192,75.8847302",Budget
popular fresh momos n more narsinghpur,Restaurant,Restaurant,Narsinghpur,Madhya Pradesh,487001,,,,+918962333100,pizza;coffee_shop;burger;chinese;sandwich;cake;pasta,"popular fresh momos n more narsinghpur, vaidya babu complex, MD3810, Narsimhapur, Narsinghpur, Narsimhapur Tahsil, Narsinghpur, Madhya Pradesh, 487001, India",India,22.9470298,79.1929966,"https://www.google.com/maps?q=22.9470298,79.1929966",Budget
Majitola,Restaurant,Restaurant,Baihar,Madhya Pradesh,481111,,,,,indian,"Majitola, SH47, Manjitola, Lagma, Baihar, Baihar Tahsil, Balaghat, Madhya Pradesh, 481111, India",India,22.1464734,80.660342,"https://www.google.com/maps?q=22.1464734,80.660342",Budget
Kushre Dhaba,Restaurant,Dhaba,Baihar,Madhya Pradesh,481111,,,,,indian,"Kushre Dhaba, SH47, Manjitola, Lagma, Baihar, Baihar Tahsil, Balaghat, Madhya Pradesh, 481111, India",India,22.1459098,80.6597543,"https://www.google.com/maps?q=22.1459098,80.6597543",Budget
Abhinandan Restaurant,Restaurant,Restaurant,Seoni,Madhya Pradesh,480600,,,,,indian;chinese,"Abhinandan Restaurant, SH42, Seoni, Seoni Tahsil, Seoni, Madhya Pradesh, 480600, India",India,22.0952372,79.5529707,"https://www.google.com/maps?q=22.0952372,79.5529707",Budget
Panchavati,Restaurant,Restaurant,Barwaha,Madhya Pradesh,451115,,,,,multicuisine,"Panchavati, NH347BG, Bawarikhera, Barwaha, Barwaha Tahsil, Khargone, Madhya Pradesh, 451115, India",India,22.2416885,76.0434231,"https://www.google.com/maps?q=22.2416885,76.0434231",Budget
Just Paratha,Restaurant,Restaurant,Indore,Madhya Pradesh,452014,,,,,multicuisine,"Just Paratha, Vishnupuri Colony, Old A. B. Road, Indore City, Indore, Juni Indore Tahsil, Indore, Madhya Pradesh, 452014, India",India,22.6901939,75.8642944,"https://www.google.com/maps?q=22.6901939,75.8642944",Budget
Radha sanchi parler,Restaurant,Restaurant,Indore,Madhya Pradesh,452014,,,,,multicuisine,"Radha sanchi parler, Vishnupuri Colony, Old A. B. Road, Indore City, Indore, Juni Indore Tahsil, Indore, Madhya Pradesh, 452014, India",India,22.6900442,75.8635677,"https://www.google.com/maps?q=22.6900442,75.8635677",Budget
restaurant 1,Restaurant,Restaurant,Gwalior,Madhya Pradesh,474001,,,,,indian,"restaurant 1, Patel Nagar, Gwalior, Gird Tahsil, Gwalior, Madhya Pradesh, 474001, India",India,26.2098332,78.2020706,"https://www.google.com/maps?q=26.2098332,78.2020706",Budget
hotel vaidya regency & manuhar restaurant & banquet,Restaurant,Hotel Restaurant,Balaghat,Madhya Pradesh,481001,,,,+917489995444,pizza;regional;coffee_shop;burger;sandwich;indian;chinese;pasta;dessert;salad,"hotel vaidya regency & manuhar restaurant & banquet, ground floor,kesar plaza complex, Hanuman Chowk, Balaghat, Balagat Tahsil, Balaghat, Madhya Pradesh, 481001, India",India,21.8112909,80.1938587,"https://www.google.com/maps?q=21.8112909,80.1938587",Budget
Jalaadhaari,Restaurant,Restaurant,Ujjain,Madhya Pradesh,456001,,,,,indian,"Jalaadhaari, 172, Mahakaleshwar Temple Road, Ujjain, Ujjain NagarTahsil, Ujjain, Madhya Pradesh, 456001, India",India,23.1833176,75.7695638,"https://www.google.com/maps?q=23.1833176,75.7695638",Budget
Naitik Jain Bhojnalaya,Restaurant,Restaurant,Vidisha,Madhya Pradesh,464001,https://naitik-jain-bhojnalay.business.site/?utm_source=gmb&utm_medium=referral,,,+919340809503,indian,"Naitik Jain Bhojnalaya, Main road, Vidisha, Vidisha NagarTahsil, Vidisha, Madhya Pradesh, 464001, India",India,23.523292,77.814029,"https://www.google.com/maps?q=23.523292,77.814029",Budget
Ram Rahim Dhaba,Restaurant,Dhaba,Babai,Madhya Pradesh,461661,,,,,indian;regional,"Ram Rahim Dhaba, SH67, Babai, Babai Tahsil, Narmadapuram, Madhya Pradesh, 461661, India",India,22.705612,77.9310872,"https://www.google.com/maps?q=22.705612,77.9310872",Budget
Rajput Dhaba,Restaurant,Dhaba,Mandla,Madhya Pradesh,481661,,,,,north_indian,"Rajput Dhaba, NH30, Katra, Mandla, Mandla Tahsil, Mandla, Madhya Pradesh, 481661, India",India,22.6367899,80.363017,"https://www.google.com/maps?q=22.6367899,80.363017",Budget
Primus Lounge,Restaurant,Restaurant,Indore,Madhya Pradesh,452001,,,,,multicuisine,"Primus Lounge, Airport Road, Indore City, Indore, Juni Indore Tahsil, Indore, Madhya Pradesh, 452001, India",India,22.7277475,75.8049536,"https://www.google.com/maps?q=22.7277475,75.8049536",Budget
Annapurna Restaurent,Restaurant,Restaurant,Rau Tahsil,Madhya Pradesh,452012,,,,,multicuisine,"Annapurna Restaurent, A. B. Road, Rau, Rau Tahsil, Indore, Madhya Pradesh, 452012, India",India,22.6564519,75.8072339,"https://www.google.com/maps?q=22.6564519,75.8072339",Budget
Ram Bharose  Hotel,Restaurant,Hotel Restaurant,Bhikangaon,Madhya Pradesh,451331,,,,,multicuisine,"Ram Bharose  Hotel, Khandwa Khargone Highway Road, Soni  Colony, Bhikangaon, Bhikangaon Tahsil, Khargone, Madhya Pradesh, 451331, India",India,21.8665157,75.9636015,"https://www.google.com/maps?q=21.8665157,75.9636015",Budget
G.V.P.R  Restaurant,Restaurant,Restaurant,Bhikangaon,Madhya Pradesh,451331,,,,,indian,"G.V.P.R  Restaurant, Khilji Colony  Road, Bhikangaon, Bhikangaon Tahsil, Khargone, Madhya Pradesh, 451331, India",India,21.8681304,75.9586975,"https://www.google.com/maps?q=21.8681304,75.9586975",Budget
Jayesh Restauran,Restaurant,Restaurant,Bhikangaon,Madhya Pradesh,451331,,,,,multicuisine,"Jayesh Restauran, Khandwa Khargone Highway Road, Soni  Colony, Kodla Khalsa, Bhikangaon, Bhikangaon Tahsil, Khargone, Madhya Pradesh, 451331, India",India,21.8581155,75.9345785,"https://www.google.com/maps?q=21.8581155,75.9345785",Budget
Khana-Khazana,Restaurant,Restaurant,Sagar,Madhya Pradesh,470001,,,,,multicuisine,"Khana-Khazana, NH934, Rajakheri, Sagar, Sagar Nagar Tahsil, Sagar, Madhya Pradesh, 470001, India",India,23.8550174,78.779636,"https://www.google.com/maps?q=23.8550174,78.779636",Budget
Yummy In The Tummy,Restaurant,Restaurant,Sagar,Madhya Pradesh,470001,,,,,multicuisine,"Yummy In The Tummy, NH934, Rajakheri, Sagar, Sagar Nagar Tahsil, Sagar, Madhya Pradesh, 470001, India",India,23.8546207,78.78091,"https://www.google.com/maps?q=23.8546207,78.78091",Budget
Maa Narmade Restaurant,Restaurant,Restaurant,Sagar,Madhya Pradesh,470001,,,,,indian,"Maa Narmade Restaurant, NH934, Rajakheri, Sagar, Sagar Nagar Tahsil, Sagar, Madhya Pradesh, 470001, India",India,23.8545028,78.7802916,"https://www.google.com/maps?q=23.8545028,78.7802916",Budget
Fauji Veg and non veg fast food Junction,Restaurant,Restaurant,Sagar,Madhya Pradesh,470001,,,,,multicuisine,"Fauji Veg and non veg fast food Junction, NH934, Rajakheri, Sagar, Sagar Nagar Tahsil, Sagar, Madhya Pradesh, 470001, India",India,23.8538528,78.7847213,"https://www.google.com/maps?q=23.8538528,78.7847213",Budget
Sainik canteen,Restaurant,Restaurant,Sagar,Madhya Pradesh,470001,,,,,multicuisine,"Sainik canteen, NH934, Rajakheri, Sagar, Sagar Nagar Tahsil, Sagar, Madhya Pradesh, 470001, India",India,23.8537903,78.7848197,"https://www.google.com/maps?q=23.8537903,78.7848197",Budget
Prince Chicken & Fish Shop,Restaurant,Restaurant,Sagar,Madhya Pradesh,470001,,,,,fast_food,"Prince Chicken & Fish Shop, NH934, Rajakheri, Sagar, Sagar Nagar Tahsil, Sagar, Madhya Pradesh, 470001, India",India,23.8536437,78.7856254,"https://www.google.com/maps?q=23.8536437,78.7856254",Budget
Gurukripa Restaurant,Restaurant,Restaurant,Sagar,Madhya Pradesh,470001,,,,,indian,"Gurukripa Restaurant, NH934, Rajakheri, Sagar, Sagar Nagar Tahsil, Sagar, Madhya Pradesh, 470001, India",India,23.8532139,78.7860914,"https://www.google.com/maps?q=23.8532139,78.7860914",Budget
Indian Coffee House,Restaurant,Cafe,Sagar,Madhya Pradesh,470001,,,,,coffee_shop;indian,"Indian Coffee House, Indian Coffee House Parking Road, Makronya, Sagar, Sagar Nagar Tahsil, Sagar, Madhya Pradesh, 470001, India",India,23.8517115,78.7918335,"https://www.google.com/maps?q=23.8517115,78.7918335",Budget
Satpura Darbar Restaurant,Restaurant,Bar & Restaurant,Pipariya,Madhya Pradesh,461775,,,,+919893692577,indian,"Satpura Darbar Restaurant, Pipariya Road, Pipariya, Pipariya Tahsil, Narmadapuram, Madhya Pradesh, 461775, India",India,22.7536454,78.3565744,"https://www.google.com/maps?q=22.7536454,78.3565744",Budget
Veg Restaurant,Restaurant,Restaurant,Pipariya,Madhya Pradesh,461775,,,,,indian,"Veg Restaurant, Pipariya Road, Pipariya, Pipariya Tahsil, Narmadapuram, Madhya Pradesh, 461775, India",India,22.7536603,78.3566102,"https://www.google.com/maps?q=22.7536603,78.3566102",Budget
Rajput Vaishnav Restaurant,Restaurant,Restaurant,Bijanwada,Madhya Pradesh,461775,,,,,regional;indian,"Rajput Vaishnav Restaurant, Pipariya Road, Pipariya, Bijanwada, Pipariya Tahsil, Narmadapuram, Madhya Pradesh, 461775, India",India,22.7538961,78.3571901,"https://www.google.com/maps?q=22.7538961,78.3571901",Budget
Bombay Biryani,Restaurant,Restaurant,Pipariya,Madhya Pradesh,461775,,,,,regional;indian,"Bombay Biryani, Pipariya Road, Pipariya, Pipariya Tahsil, Narmadapuram, Madhya Pradesh, 461775, India",India,22.7540647,78.3579172,"https://www.google.com/maps?q=22.7540647,78.3579172",Budget
Jain Lodge & Restaurant,Restaurant,Restaurant,Pipariya,Madhya Pradesh,461775,,,,,indian,"Jain Lodge & Restaurant, Pipariya Road, Pipariya, Pipariya Tahsil, Narmadapuram, Madhya Pradesh, 461775, India",India,22.7543245,78.3579534,"https://www.google.com/maps?q=22.7543245,78.3579534",Budget
The Panjtara Restaurant & Cafe,Restaurant,Cafe,Bijanwada,Madhya Pradesh,461775,,,,,regional;indian;chinese;punjabi;south_indian,"The Panjtara Restaurant & Cafe, Pachmarhi Road, Hathwans, Bijanwada, Pipariya Tahsil, Narmadapuram, Madhya Pradesh, 461775, India",India,22.7442042,78.3549306,"https://www.google.com/maps?q=22.7442042,78.3549306",Budget
Nandanvan Restaurant,Restaurant,Restaurant,Pachmarhi,Madhya Pradesh,461881,,,,,regional;indian;chinese,"Nandanvan Restaurant, Mahadev Road, Pachmarhi, Pipariya Tahsil, Narmadapuram, Madhya Pradesh, 461881, India",India,22.4647467,78.4248603,"https://www.google.com/maps?q=22.4647467,78.4248603",Budget
Sahu Restaurant,Restaurant,Restaurant,Pipariya,Madhya Pradesh,461775,,,,,regional;indian,"Sahu Restaurant, Shobhapur Road, Pipariya, Pipariya Tahsil, Narmadapuram, Madhya Pradesh, 461775, India",India,22.7601535,78.3504644,"https://www.google.com/maps?q=22.7601535,78.3504644",Budget
Ashok Kachori Bhandar,Restaurant,Restaurant,Pipariya,Madhya Pradesh,461775,,,,,regional;indian,"Ashok Kachori Bhandar, Shobhapur Road, Pipariya, Pipariya Tahsil, Narmadapuram, Madhya Pradesh, 461775, India",India,22.7601744,78.3504836,"https://www.google.com/maps?q=22.7601744,78.3504836",Budget
Pal Dhaba Family Restaurant,Restaurant,Dhaba,Aaditoria,Madhya Pradesh,461778,,,,,regional;indian,"Pal Dhaba Family Restaurant, SH62, Matkuli, Aaditoria, Pipariya Tahsil, Narmadapuram, Madhya Pradesh, 461778, India",India,22.5985429,78.4545136,"https://www.google.com/maps?q=22.5985429,78.4545136",Budget
Sinner's Bistro,Restaurant,Restaurant,Sagar,Madhya Pradesh,470003,,,,,multicuisine,"Sinner's Bistro, SH21, Sagar, Sagar Nagar Tahsil, Sagar, Madhya Pradesh, 470003, India",India,23.8417424,78.7639918,"https://www.google.com/maps?q=23.8417424,78.7639918",Budget
Topn Towl Ice cream,Restaurant,Restaurant,Sagar,Madhya Pradesh,470004,,,,,multicuisine,"Topn Towl Ice cream, NH934, Makronya, Sagar, Sagar Nagar Tahsil, Sagar, Madhya Pradesh, 470004, India",India,23.8600464,78.7989662,"https://www.google.com/maps?q=23.8600464,78.7989662",Budget
Domini's Pizza,Restaurant,Restaurant,Sagar,Madhya Pradesh,470003,,,,,pizza,"Domini's Pizza, SH21, Sagar, Sagar Nagar Tahsil, Sagar, Madhya Pradesh, 470003, India",India,23.8410952,78.7628334,"https://www.google.com/maps?q=23.8410952,78.7628334",Budget
Happiness resturant,Restaurant,Restaurant,Sagar,Madhya Pradesh,470003,,,,,multicuisine,"Happiness resturant, SH21, Sagar, Sagar Nagar Tahsil, Sagar, Madhya Pradesh, 470003, India",India,23.840823,78.7623625,"https://www.google.com/maps?q=23.840823,78.7623625",Budget
Jam jam fast food restaurant,Restaurant,Restaurant,Sagar,Madhya Pradesh,470004,,,,,indian,"Jam jam fast food restaurant, SH21, Sagar, Sagar Nagar Tahsil, Sagar, Madhya Pradesh, 470004, India",India,23.8397936,78.7584997,"https://www.google.com/maps?q=23.8397936,78.7584997",Budget
`Sagaer Gaire,Restaurant,Restaurant,Sagar,Madhya Pradesh,470004,,,,,multicuisine,"`Sagaer Gaire, SH21, Sagar, Sagar Nagar Tahsil, Sagar, Madhya Pradesh, 470004, India",India,23.8353745,78.7624418,"https://www.google.com/maps?q=23.8353745,78.7624418",Budget
Mezbaan Non veg restaurant sagar,Restaurant,Restaurant,Sagar,Madhya Pradesh,470004,,,,,indian,"Mezbaan Non veg restaurant sagar, SH21, Sagar, Sagar Nagar Tahsil, Sagar, Madhya Pradesh, 470004, India",India,23.8267052,78.7643599,"https://www.google.com/maps?q=23.8267052,78.7643599",Budget
Hotel Sai Aashirwad,Restaurant,Hotel Restaurant,Sagar,Madhya Pradesh,470001,,,,,multicuisine,"Hotel Sai Aashirwad, SH21, Sagar, Sagar Nagar Tahsil, Sagar, Madhya Pradesh, 470001, India",India,23.8226388,78.7632014,"https://www.google.com/maps?q=23.8226388,78.7632014",Budget
Ram bhojnalay,Restaurant,Restaurant,Sagar,Madhya Pradesh,470004,,,,,multicuisine,"Ram bhojnalay, NH934, Baheriya, Sagar, Sagar Nagar Tahsil, Sagar, Madhya Pradesh, 470004, India",India,23.8788741,78.8142974,"https://www.google.com/maps?q=23.8788741,78.8142974",Budget
Janvhi fast food,Restaurant,Restaurant,Sagar,Madhya Pradesh,470004,,,,,multicuisine,"Janvhi fast food, SH63, Baheriya, Sagar, Sagar Nagar Tahsil, Sagar, Madhya Pradesh, 470004, India",India,23.8842918,78.8190482,"https://www.google.com/maps?q=23.8842918,78.8190482",Budget
Shehroz Biryani,Restaurant,Restaurant,Sagar,Madhya Pradesh,470001,,,,,multicuisine,"Shehroz Biryani, Jyotesh Pandey Road, Tilli, Sagar, Sagar Nagar Tahsil, Sagar, Madhya Pradesh, 470001, India",India,23.8204794,78.7622359,"https://www.google.com/maps?q=23.8204794,78.7622359",Budget
Bapu Ki Kutiya Restaurnt,Restaurant,Restaurant,Sagar,Madhya Pradesh,470004,,,,,multicuisine,"Bapu Ki Kutiya Restaurnt, Jyotesh Pandey Road, Tilli, Sagar, Sagar Nagar Tahsil, Sagar, Madhya Pradesh, 470004, India",India,23.8139561,78.758822,"https://www.google.com/maps?q=23.8139561,78.758822",Budget
The Haveii Fast food,Restaurant,Restaurant,Sagar,Madhya Pradesh,470004,,,,,multicuisine,"The Haveii Fast food, NH934, Makronya, Sagar, Sagar Nagar Tahsil, Sagar, Madhya Pradesh, 470004, India",India,23.8631804,78.8016652,"https://www.google.com/maps?q=23.8631804,78.8016652",Budget
My Self fast Food,Restaurant,Restaurant,Sagar,Madhya Pradesh,470004,,,,,multicuisine,"My Self fast Food, NH934, Makronya, Sagar, Sagar Nagar Tahsil, Sagar, Madhya Pradesh, 470004, India",India,23.863611,78.8011314,"https://www.google.com/maps?q=23.863611,78.8011314",Budget
Shanti Vegetarian,Restaurant,Restaurant,Sagar,Madhya Pradesh,470001,,,,,multicuisine,"Shanti Vegetarian, NH934, Makronya, Sagar, Sagar Nagar Tahsil, Sagar, Madhya Pradesh, 470001, India",India,23.8610593,78.79973,"https://www.google.com/maps?q=23.8610593,78.79973",Budget
Thakur Restaurant Fast Food,Restaurant,Restaurant,Sagar,Madhya Pradesh,470001,,,,,indian,"Thakur Restaurant Fast Food, NH934, Makronya, Sagar, Sagar Nagar Tahsil, Sagar, Madhya Pradesh, 470001, India",India,23.8606006,78.799333,"https://www.google.com/maps?q=23.8606006,78.799333",Budget
Occasins Bakery & Sweets,Restaurant,Restaurant,Sagar,Madhya Pradesh,470004,,,,,multicuisine,"Occasins Bakery & Sweets, NH934, Makronya, Sagar, Sagar Nagar Tahsil, Sagar, Madhya Pradesh, 470004, India",India,23.8573229,78.7966691,"https://www.google.com/maps?q=23.8573229,78.7966691",Budget
Rathore Hotel,Restaurant,Hotel Restaurant,Sagar,Madhya Pradesh,470004,,,,,multicuisine,"Rathore Hotel, NH934, Makronya, Sagar, Sagar Nagar Tahsil, Sagar, Madhya Pradesh, 470004, India",India,23.8549475,78.794845,"https://www.google.com/maps?q=23.8549475,78.794845",Budget
Jain Chaat Centre,Restaurant,Restaurant,Sagar,Madhya Pradesh,470004,,,,,multicuisine,"Jain Chaat Centre, NH934, Makronya, Sagar, Sagar Nagar Tahsil, Sagar, Madhya Pradesh, 470004, India",India,23.8569344,78.7960515,"https://www.google.com/maps?q=23.8569344,78.7960515",Budget
Rishi Patties The patties King Makroniya,Restaurant,Restaurant,Sagar,Madhya Pradesh,470004,,,,,multicuisine,"Rishi Patties The patties King Makroniya, NH934, Makronya, Sagar, Sagar Nagar Tahsil, Sagar, Madhya Pradesh, 470004, India",India,23.8538176,78.7939422,"https://www.google.com/maps?q=23.8538176,78.7939422",Budget
Paaji's family restauant by manjeet,Restaurant,Restaurant,Sagar,Madhya Pradesh,470004,,,,,multicuisine,"Paaji's family restauant by manjeet, NH934, Makronya, Sagar, Sagar Nagar Tahsil, Sagar, Madhya Pradesh, 470004, India",India,23.8524404,78.7927421,"https://www.google.com/maps?q=23.8524404,78.7927421",Budget
Gps top rated,Restaurant,Restaurant,Sagar,Madhya Pradesh,470004,,,,,multicuisine,"Gps top rated, NH934, Makronya, Sagar, Sagar Nagar Tahsil, Sagar, Madhya Pradesh, 470004, India",India,23.8519552,78.7923895,"https://www.google.com/maps?q=23.8519552,78.7923895",Budget
Mishra catering servica in sagar,Restaurant,Restaurant,Sagar,Madhya Pradesh,470004,,,,,multicuisine,"Mishra catering servica in sagar, NH934, Makronya, Sagar, Sagar Nagar Tahsil, Sagar, Madhya Pradesh, 470004, India",India,23.8530331,78.7932472,"https://www.google.com/maps?q=23.8530331,78.7932472",Budget
Kanchan Dairt and GYM,Restaurant,Restaurant,Sagar,Madhya Pradesh,470004,,,,,multicuisine,"Kanchan Dairt and GYM, NH934, Makronya, Sagar, Sagar Nagar Tahsil, Sagar, Madhya Pradesh, 470004, India",India,23.8620734,78.7988953,"https://www.google.com/maps?q=23.8620734,78.7988953",Budget
RK Pattiez and  fast food corner,Restaurant,Restaurant,Sagar,Madhya Pradesh,470004,,,,,multicuisine,"RK Pattiez and  fast food corner, NH934, Makronya, Sagar, Sagar Nagar Tahsil, Sagar, Madhya Pradesh, 470004, India",India,23.8548267,78.7960296,"https://www.google.com/maps?q=23.8548267,78.7960296",Budget
Radhe fulki canter,Restaurant,Restaurant,Sagar,Madhya Pradesh,470004,,,,,multicuisine,"Radhe fulki canter, NH934, Gambhiriya, Sagar, Sagar Nagar Tahsil, Sagar, Madhya Pradesh, 470004, India",India,23.8607131,78.8134123,"https://www.google.com/maps?q=23.8607131,78.8134123",Budget
Front of makroniya chouraha,Restaurant,Restaurant,Sagar,Madhya Pradesh,470001,,,,,multicuisine,"Front of makroniya chouraha, NH934, Makronya, Sagar, Sagar Nagar Tahsil, Sagar, Madhya Pradesh, 470001, India",India,23.8518986,78.7910991,"https://www.google.com/maps?q=23.8518986,78.7910991",Budget
Hotel Quality,Restaurant,Hotel Restaurant,Sagar,Madhya Pradesh,470001,,,,,multicuisine,"Hotel Quality, NH934, Makronya, Sagar, Sagar Nagar Tahsil, Sagar, Madhya Pradesh, 470001, India",India,23.8519184,78.791213,"https://www.google.com/maps?q=23.8519184,78.791213",Budget
Quality foods and cakes,Restaurant,Restaurant,Sagar,Madhya Pradesh,470001,,,,,multicuisine,"Quality foods and cakes, NH934, Makronya, Sagar, Sagar Nagar Tahsil, Sagar, Madhya Pradesh, 470001, India",India,23.8519531,78.7909445,"https://www.google.com/maps?q=23.8519531,78.7909445",Budget
Momo my iove  fast  food,Restaurant,Restaurant,Sagar,Madhya Pradesh,470004,,,,,multicuisine,"Momo my iove  fast  food, NH934, Gwalipura Rajakheri, Sagar, Sagar Nagar Tahsil, Sagar, Madhya Pradesh, 470004, India",India,23.8507889,78.7869562,"https://www.google.com/maps?q=23.8507889,78.7869562",Budget
pizza point,Restaurant,Restaurant,Sagar,Madhya Pradesh,470004,,,,,pizza,"pizza point, NH934, Makronya, Sagar, Sagar Nagar Tahsil, Sagar, Madhya Pradesh, 470004, India",India,23.8634015,78.8038177,"https://www.google.com/maps?q=23.8634015,78.8038177",Budget
Bisty Bakery & Cafe,Restaurant,Cafe,Sagar,Madhya Pradesh,470001,,,,,cafe,"Bisty Bakery & Cafe, NH934, Makronya, Sagar, Sagar Nagar Tahsil, Sagar, Madhya Pradesh, 470001, India",India,23.8635832,78.8040495,"https://www.google.com/maps?q=23.8635832,78.8040495",Budget
Bakery and Cake Shop,Restaurant,Restaurant,Sagar,Madhya Pradesh,470004,,,,,multicuisine,"Bakery and Cake Shop, NH934, Makronya, Sagar, Sagar Nagar Tahsil, Sagar, Madhya Pradesh, 470004, India",India,23.8628635,78.8053061,"https://www.google.com/maps?q=23.8628635,78.8053061",Budget
Chatkara Food Factory,Restaurant,Restaurant,Sagar,Madhya Pradesh,470004,,,,,multicuisine,"Chatkara Food Factory, NH934, Makronya, Sagar, Sagar Nagar Tahsil, Sagar, Madhya Pradesh, 470004, India",India,23.8510839,78.7911969,"https://www.google.com/maps?q=23.8510839,78.7911969",Budget
Agarawal's F3 Resturant,Restaurant,Restaurant,Sagar,Madhya Pradesh,470004,,,,,multicuisine,"Agarawal's F3 Resturant, NH934, Makronya, Sagar, Sagar Nagar Tahsil, Sagar, Madhya Pradesh, 470004, India",India,23.8532,78.7930163,"https://www.google.com/maps?q=23.8532,78.7930163",Budget
Neha Chat Corner Fast Food,Restaurant,Restaurant,Sagar,Madhya Pradesh,470004,,,,,multicuisine,"Neha Chat Corner Fast Food, NH934, Makronya, Sagar, Sagar Nagar Tahsil, Sagar, Madhya Pradesh, 470004, India",India,23.8512997,78.7914786,"https://www.google.com/maps?q=23.8512997,78.7914786",Budget
Keshari Sweets,Restaurant,Restaurant,Sagar,Madhya Pradesh,470004,,,,,multicuisine,"Keshari Sweets, NH934, Makronya, Sagar, Sagar Nagar Tahsil, Sagar, Madhya Pradesh, 470004, India",India,23.8511845,78.7909794,"https://www.google.com/maps?q=23.8511845,78.7909794",Budget
GujratN Namkeen  House,Restaurant,Restaurant,Sagar,Madhya Pradesh,470002,,,,,multicuisine,"GujratN Namkeen  House, Jyotesh Pandey Sagar Road, Sagar, Sagar Nagar Tahsil, Sagar, Madhya Pradesh, 470002, India",India,23.8378603,78.7414261,"https://www.google.com/maps?q=23.8378603,78.7414261",Budget
Bharat Bakery,Restaurant,Restaurant,Sagar,Madhya Pradesh,470002,,,,,multicuisine,"Bharat Bakery, Jyotesh Pandey Sagar Road, Sagar, Sagar Nagar Tahsil, Sagar, Madhya Pradesh, 470002, India",India,23.8381242,78.7419231,"https://www.google.com/maps?q=23.8381242,78.7419231",Budget
Tha Patties king Risht Patties,Restaurant,Restaurant,Sagar,Madhya Pradesh,470002,,,,,multicuisine,"Tha Patties king Risht Patties, Jyotesh Pandey Sagar Road, Sagar, Sagar Nagar Tahsil, Sagar, Madhya Pradesh, 470002, India",India,23.8379839,78.7420582,"https://www.google.com/maps?q=23.8379839,78.7420582",Budget
Naveen Gujara Sweets,Restaurant,Restaurant,Sagar,Madhya Pradesh,470002,,,,,multicuisine,"Naveen Gujara Sweets, NH934, Sagar, Sagar Nagar Tahsil, Sagar, Madhya Pradesh, 470002, India",India,23.8443131,78.7403653,"https://www.google.com/maps?q=23.8443131,78.7403653",Budget
Shri Ram Chat Center,Restaurant,Restaurant,Sagar,Madhya Pradesh,470002,,,,,multicuisine,"Shri Ram Chat Center, Jyotesh Pandey Sagar Road, Sagar, Sagar Nagar Tahsil, Sagar, Madhya Pradesh, 470002, India",India,23.8401203,78.7404273,"https://www.google.com/maps?q=23.8401203,78.7404273",Budget
KANHA  BAKERS,Restaurant,Restaurant,Sagar,Madhya Pradesh,470001,,,,,multicuisine,"KANHA  BAKERS, Jyotesh Pandey Sagar Road, Sagar, Sagar Nagar Tahsil, Sagar, Madhya Pradesh, 470001, India",India,23.8397984,78.7429625,"https://www.google.com/maps?q=23.8397984,78.7429625",Budget
State Side Restaurent,Restaurant,Restaurant,Sagar,Madhya Pradesh,470002,,,,,multicuisine,"State Side Restaurent, Jyotesh Pandey Sagar Road, Sagar, Sagar Nagar Tahsil, Sagar, Madhya Pradesh, 470002, India",India,23.8388443,78.7430594,"https://www.google.com/maps?q=23.8388443,78.7430594",Budget
Yashoda Namkeen & Bakery,Restaurant,Restaurant,Sagar,Madhya Pradesh,470002,,,,,multicuisine,"Yashoda Namkeen & Bakery, Jyotesh Pandey Sagar Road, Sagar, Sagar Nagar Tahsil, Sagar, Madhya Pradesh, 470002, India",India,23.8408293,78.7366309,"https://www.google.com/maps?q=23.8408293,78.7366309",Budget
Sagar Restaurant & Bar,Restaurant,Bar & Restaurant,Berkheri Khurd,Madhya Pradesh,470002,,,,,indian,"Sagar Restaurant & Bar, NH934, Pathariya Hat, Berkheri Khurd, Sagar Tahsil, Sagar, Madhya Pradesh, 470002, India",India,23.8563113,78.6981301,"https://www.google.com/maps?q=23.8563113,78.6981301",Budget
Taza Chicken Shop,Restaurant,Restaurant,Sagar,Madhya Pradesh,470004,,,,,fast_food,"Taza Chicken Shop, NH934, Makronya, Sagar, Sagar Nagar Tahsil, Sagar, Madhya Pradesh, 470004, India",India,23.8496921,78.792063,"https://www.google.com/maps?q=23.8496921,78.792063",Budget
Mukesh Hotel,Restaurant,Hotel Restaurant,Sagar,Madhya Pradesh,470002,,,,,multicuisine,"Mukesh Hotel, Jyotesh Pandey Sagar Road, Sagar, Sagar Nagar Tahsil, Sagar, Madhya Pradesh, 470002, India",India,23.8387819,78.7275669,"https://www.google.com/maps?q=23.8387819,78.7275669",Budget
Ankit Jain,Restaurant,Restaurant,Sagar,Madhya Pradesh,470004,,,,,multicuisine,"Ankit Jain, NH934, Makronya, Sagar, Sagar Nagar Tahsil, Sagar, Madhya Pradesh, 470004, India",India,23.8517944,78.7937853,"https://www.google.com/maps?q=23.8517944,78.7937853",Budget
Jay Gurudev Tiffin Centre Sagar,Restaurant,Restaurant,Sagar,Madhya Pradesh,470002,,,,,multicuisine,"Jay Gurudev Tiffin Centre Sagar, Jyotesh Pandey Sagar Road, Sagar, Sagar Nagar Tahsil, Sagar, Madhya Pradesh, 470002, India",India,23.8392293,78.7277616,"https://www.google.com/maps?q=23.8392293,78.7277616",Budget
Badshahi Resturant,Restaurant,Restaurant,Sagar,Madhya Pradesh,470002,,,,,multicuisine,"Badshahi Resturant, Jyotesh Pandey Sagar Road, Sagar, Sagar Nagar Tahsil, Sagar, Madhya Pradesh, 470002, India",India,23.8385151,78.7242938,"https://www.google.com/maps?q=23.8385151,78.7242938",Budget
Shree Krishna Family,Restaurant,Restaurant,Sagar,Madhya Pradesh,470002,,,,,multicuisine,"Shree Krishna Family, Jyotesh Pandey Sagar Road, Sagar, Sagar Nagar Tahsil, Sagar, Madhya Pradesh, 470002, India",India,23.8374903,78.7221135,"https://www.google.com/maps?q=23.8374903,78.7221135",Budget
Raji daba,Restaurant,Restaurant,Ratona,Madhya Pradesh,470005,,,,,multicuisine,"Raji daba, NH146, Pathariya Hat, Ratona, Sagar Nagar Tahsil, Sagar, Madhya Pradesh, 470005, India",India,23.832838,78.7041973,"https://www.google.com/maps?q=23.832838,78.7041973",Budget
D2 lounge and restauants,Restaurant,Restaurant,Ratona,Madhya Pradesh,470005,,,,,multicuisine,"D2 lounge and restauants, NH146, Pathariya Hat, Ratona, Sagar Nagar Tahsil, Sagar, Madhya Pradesh, 470005, India",India,23.8308275,78.6961025,"https://www.google.com/maps?q=23.8308275,78.6961025",Budget
Dana pani,Restaurant,Restaurant,Sagar,Madhya Pradesh,470002,,,,,multicuisine,"Dana pani, NH934, Sagar, Sagar Nagar Tahsil, Sagar, Madhya Pradesh, 470002, India",India,23.8460592,78.7363161,"https://www.google.com/maps?q=23.8460592,78.7363161",Budget
Nema Ji Hotel,Restaurant,Hotel Restaurant,Sagar,Madhya Pradesh,470002,,,,,multicuisine,"Nema Ji Hotel, NH934, Sagar, Sagar Nagar Tahsil, Sagar, Madhya Pradesh, 470002, India",India,23.8479877,78.7422252,"https://www.google.com/maps?q=23.8479877,78.7422252",Budget
Mr.Chicken,Restaurant,Restaurant,Sagar,Madhya Pradesh,470002,,,,,fast_food,"Mr.Chicken, NH934, Sagar, Sagar Nagar Tahsil, Sagar, Madhya Pradesh, 470002, India",India,23.8482325,78.7386673,"https://www.google.com/maps?q=23.8482325,78.7386673",Budget
Army canteen,Restaurant,Restaurant,Sagar,Madhya Pradesh,470001,,,,,multicuisine,"Army canteen, NH934, Sagar, Sagar Nagar Tahsil, Sagar, Madhya Pradesh, 470001, India",India,23.8529702,78.7448881,"https://www.google.com/maps?q=23.8529702,78.7448881",Budget
The  Seven Dials,Restaurant,Restaurant,Sagar,Madhya Pradesh,470004,,,,,multicuisine,"The  Seven Dials, NH934, Bamara, Sagar, Sagar Nagar Tahsil, Sagar, Madhya Pradesh, 470004, India",India,23.8728118,78.8089773,"https://www.google.com/maps?q=23.8728118,78.8089773",Budget
Vikram Hotel,Restaurant,Hotel Restaurant,Dungasara,Madhya Pradesh,470004,,,,,multicuisine,"Vikram Hotel, SH63, Baheriya, Dungasara, Sagar Nagar Tahsil, Sagar, Madhya Pradesh, 470004, India",India,23.8844646,78.8205406,"https://www.google.com/maps?q=23.8844646,78.8205406",Budget
Neelam,Restaurant,Restaurant,Sagar,Madhya Pradesh,470003,,,,,multicuisine,"Neelam, SH21, Sagar, Sagar Nagar Tahsil, Sagar, Madhya Pradesh, 470003, India",India,23.836471,78.7621565,"https://www.google.com/maps?q=23.836471,78.7621565",Budget
Patel Chat Center Edit,Restaurant,Restaurant,Sagar,Madhya Pradesh,470002,,,,,multicuisine,"Patel Chat Center Edit, Jyotesh Pandey Sagar Road, Sagar, Sagar Nagar Tahsil, Sagar, Madhya Pradesh, 470002, India",India,23.8227214,78.7251204,"https://www.google.com/maps?q=23.8227214,78.7251204",Budget
New Bombay  Chowpati  And Restaurants,Restaurant,Restaurant,Sagar,Madhya Pradesh,470003,,,,,indian,"New Bombay  Chowpati  And Restaurants, Jyotesh Pandey Sagar Road, Sagar, Sagar Nagar Tahsil, Sagar, Madhya Pradesh, 470003, India",India,23.8193544,78.7268454,"https://www.google.com/maps?q=23.8193544,78.7268454",Budget
Honey Money Ice Cream,Restaurant,Restaurant,Sagar,Madhya Pradesh,470002,,,,,multicuisine,"Honey Money Ice Cream, NH934, Sagar, Sagar Nagar Tahsil, Sagar, Madhya Pradesh, 470002, India",India,23.8450575,78.7313228,"https://www.google.com/maps?q=23.8450575,78.7313228",Budget
Shri Mam Krina Store,Restaurant,Restaurant,Sagar,Madhya Pradesh,470002,,,,,multicuisine,"Shri Mam Krina Store, Jyotesh Pandey Sagar Road, Sagar, Sagar Nagar Tahsil, Sagar, Madhya Pradesh, 470002, India",India,23.8390687,78.725939,"https://www.google.com/maps?q=23.8390687,78.725939",Budget
Devaliya Ji Maharaj,Restaurant,Restaurant,Sagar,Madhya Pradesh,470002,,,,,multicuisine,"Devaliya Ji Maharaj, Jyotesh Pandey Sagar Road, Sagar, Sagar Nagar Tahsil, Sagar, Madhya Pradesh, 470002, India",India,23.8390342,78.7262254,"https://www.google.com/maps?q=23.8390342,78.7262254",Budget
The Dream Cafe and Restaurant,Restaurant,Cafe,Sagar,Madhya Pradesh,470005,,,,,indian,"The Dream Cafe and Restaurant, Pathariya Hat, Sagar, Sagar Nagar Tahsil, Sagar, Madhya Pradesh, 470005, India",India,23.8311128,78.7084734,"https://www.google.com/maps?q=23.8311128,78.7084734",Budget
Khana Ondoor,Restaurant,Restaurant,Sagar,Madhya Pradesh,470003,,,,,multicuisine,"Khana Ondoor, SH20, Tilli, Sagar, Sagar Nagar Tahsil, Sagar, Madhya Pradesh, 470003, India",India,23.8094967,78.7513577,"https://www.google.com/maps?q=23.8094967,78.7513577",Budget
Hamao Sagar Asian,Restaurant,Restaurant,Sagar,Madhya Pradesh,470004,,,,,multicuisine,"Hamao Sagar Asian, SH21, Sagar, Sagar Nagar Tahsil, Sagar, Madhya Pradesh, 470004, India",India,23.8302076,78.762965,"https://www.google.com/maps?q=23.8302076,78.762965",Budget
Sai Ki Raosi,Restaurant,Restaurant,Kerwana,Madhya Pradesh,470004,,,,,multicuisine,"Sai Ki Raosi, NH934, Khiria, Kerwana, Sagar Tahsil, Sagar, Madhya Pradesh, 470004, India",India,23.9262261,78.8608195,"https://www.google.com/maps?q=23.9262261,78.8608195",Budget
Hansh raj  hotel and restorant,Restaurant,Hotel Restaurant,Kerwana,Madhya Pradesh,470337,,,,,multicuisine,"Hansh raj  hotel and restorant, NH934, Khiria, Karrapur, Kerwana, Sagar Tahsil, Sagar, Madhya Pradesh, 470337, India",India,23.9374591,78.8707082,"https://www.google.com/maps?q=23.9374591,78.8707082",Budget
Chandan Dhaba,Restaurant,Dhaba,Kerwana,Madhya Pradesh,470113,,,,,north_indian,"Chandan Dhaba, NH934, Khiria, Karrapur, Kerwana, Sagar Tahsil, Sagar, Madhya Pradesh, 470113, India",India,23.9418725,78.8755792,"https://www.google.com/maps?q=23.9418725,78.8755792",Budget
Special  Bara Mungodi Ki Dukan,Restaurant,Bar & Restaurant,Kerwana,Madhya Pradesh,470337,,,,,multicuisine,"Special  Bara Mungodi Ki Dukan, NH934, Khiria, Karrapur, Kerwana, Sagar Tahsil, Sagar, Madhya Pradesh, 470337, India",India,23.9395119,78.8722478,"https://www.google.com/maps?q=23.9395119,78.8722478",Budget
New Hansraj Dhaba,Restaurant,Dhaba,Kerwana,Madhya Pradesh,470113,,,,,north_indian,"New Hansraj Dhaba, NH934, Khiria, Karrapur, Kerwana, Sagar Tahsil, Sagar, Madhya Pradesh, 470113, India",India,23.9495851,78.8856957,"https://www.google.com/maps?q=23.9495851,78.8856957",Budget
New Radha Dhaba and Family-friendly,Restaurant,Dhaba,Sonarai,Madhya Pradesh,470335,,,,,north_indian,"New Radha Dhaba and Family-friendly, NH934, Murari Khurd, Sonarai, Banda Tahsil, Sagar, Madhya Pradesh, 470335, India",India,23.9573067,78.8950445,"https://www.google.com/maps?q=23.9573067,78.8950445",Budget
Vishwanath Bhojnalay,Restaurant,Restaurant,Banda,Madhya Pradesh,470335,,,,,multicuisine,"Vishwanath Bhojnalay, NH934, Banda, Banda Tahsil, Sagar, Madhya Pradesh, 470335, India",India,24.0378909,78.9610052,"https://www.google.com/maps?q=24.0378909,78.9610052",Budget
Krishna dhaba 14 mel,Restaurant,Dhaba,Kerwana,Madhya Pradesh,470335,,,,,north_indian,"Krishna dhaba 14 mel, NH934, Khiria, Karrapur, Kerwana, Sagar Tahsil, Sagar, Madhya Pradesh, 470335, India",India,23.948306,78.8836273,"https://www.google.com/maps?q=23.948306,78.8836273",Budget
Dangel Bhojnalay,Restaurant,Restaurant,Banda,Madhya Pradesh,470335,,,,,multicuisine,"Dangel Bhojnalay, NH934, Banda, Banda Tahsil, Sagar, Madhya Pradesh, 470335, India",India,24.0355793,78.9593761,"https://www.google.com/maps?q=24.0355793,78.9593761",Budget
Bombai pav Bhajhee,Restaurant,Restaurant,Banda,Madhya Pradesh,470335,,,,,multicuisine,"Bombai pav Bhajhee, NH934, Banda, Banda Tahsil, Sagar, Madhya Pradesh, 470335, India",India,24.0411364,78.9623742,"https://www.google.com/maps?q=24.0411364,78.9623742",Budget
Aashiyana Hotel &Residency,Restaurant,Hotel Restaurant,Banda,Madhya Pradesh,470335,,,,,multicuisine,"Aashiyana Hotel &Residency, NH934, Banda, Banda Tahsil, Sagar, Madhya Pradesh, 470335, India",India,24.0485778,78.9667885,"https://www.google.com/maps?q=24.0485778,78.9667885",Budget
Savriya Resntrent,Restaurant,Restaurant,Dungasara,Madhya Pradesh,470021,,,,,multicuisine,"Savriya Resntrent, SH63, Nayakhera, Dungasara, Sagar Tahsil, Sagar, Madhya Pradesh, 470021, India",India,23.888649,78.8696008,"https://www.google.com/maps?q=23.888649,78.8696008",Budget
Ansh Bhojnalay,Restaurant,Restaurant,Rusalia,Madhya Pradesh,470004,,,,,multicuisine,"Ansh Bhojnalay, NH44, Siddhagawan, Rusalia, Sagar Tahsil, Sagar, Madhya Pradesh, 470004, India",India,23.8859248,78.8291292,"https://www.google.com/maps?q=23.8859248,78.8291292",Budget
Vinayak Dhaba & Restaurant,Restaurant,Dhaba,Dungasara,Madhya Pradesh,470021,,,,,indian,"Vinayak Dhaba & Restaurant, SH63, Siddhagawan, Dungasara, Sagar Tahsil, Sagar, Madhya Pradesh, 470021, India",India,23.8867956,78.845937,"https://www.google.com/maps?q=23.8867956,78.845937",Budget
Shiva Dhaba,Restaurant,Dhaba,Dungasara,Madhya Pradesh,470021,,,,,north_indian,"Shiva Dhaba, SH63, Siddhagawan, Dungasara, Sagar Tahsil, Sagar, Madhya Pradesh, 470021, India",India,23.8876394,78.8376392,"https://www.google.com/maps?q=23.8876394,78.8376392",Budget
Parihar Restaurant and dhaba,Restaurant,Dhaba,Dungasara,Madhya Pradesh,470004,,,,,indian,"Parihar Restaurant and dhaba, SH63, Kerwana, Dungasara, Sagar Tahsil, Sagar, Madhya Pradesh, 470004, India",India,23.889401,78.8608697,"https://www.google.com/maps?q=23.889401,78.8608697",Budget
Bargad Dhaba,Restaurant,Bar & Restaurant,Dungasara,Madhya Pradesh,470021,,,,,north_indian,"Bargad Dhaba, SH63, Nayakhera, Dungasara, Sagar Tahsil, Sagar, Madhya Pradesh, 470021, India",India,23.8895192,78.8649724,"https://www.google.com/maps?q=23.8895192,78.8649724",Budget
Kalyan Singh Lodhi,Restaurant,Restaurant,Parsonria,Madhya Pradesh,470021,,,,,multicuisine,"Kalyan Singh Lodhi, SH63, Parsoriya, Parsonria, Sagar Tahsil, Sagar, Madhya Pradesh, 470021, India",India,23.8538666,78.9344099,"https://www.google.com/maps?q=23.8538666,78.9344099",Budget
Annapurna dhaba,Restaurant,Dhaba,Parsonria,Madhya Pradesh,470001,,,,,north_indian,"Annapurna dhaba, SH63, Parsoriya, Parsonria, Sagar Tahsil, Sagar, Madhya Pradesh, 470001, India",India,23.8644254,78.9187689,"https://www.google.com/maps?q=23.8644254,78.9187689",Budget
Guru Kripa Chaumin Center,Restaurant,Restaurant,Parsonria,Madhya Pradesh,470021,,,,,multicuisine,"Guru Kripa Chaumin Center, SH63, Parsoriya, Parsonria, Sagar Tahsil, Sagar, Madhya Pradesh, 470021, India",India,23.8537316,78.9349925,"https://www.google.com/maps?q=23.8537316,78.9349925",Budget
Sameer Dhaba,Restaurant,Dhaba,Chandwar,Madhya Pradesh,470001,,,,,north_indian,"Sameer Dhaba, SH63, Parsoriya, Chandwar, Sagar Tahsil, Sagar, Madhya Pradesh, 470001, India",India,23.8486639,78.9430795,"https://www.google.com/maps?q=23.8486639,78.9430795",Budget
Jain chat  Bhandar,Restaurant,Restaurant,Dumar,Madhya Pradesh,470229,,,,,multicuisine,"Jain chat  Bhandar, SH63, Garhakota, Dumar, Garhakota Tahsil, Sagar, Madhya Pradesh, 470229, India",India,23.7819678,79.1465106,"https://www.google.com/maps?q=23.7819678,79.1465106",Budget
Indian Dhaba,Restaurant,Dhaba,Barpani,Madhya Pradesh,470232,,,,,north_indian,"Indian Dhaba, SH63, Barpani, Sagar Tahsil, Sagar, Madhya Pradesh, 470232, India",India,23.8241248,79.0011268,"https://www.google.com/maps?q=23.8241248,79.0011268",Budget
Bundelkhand  Dhaba,Restaurant,Dhaba,Ragoli,Madhya Pradesh,470232,,,,,north_indian,"Bundelkhand  Dhaba, SH63, Parasiya, Ragoli, Sagar Tahsil, Sagar, Madhya Pradesh, 470232, India",India,23.793467,79.0607402,"https://www.google.com/maps?q=23.793467,79.0607402",Budget
Shri Thkur ji Restorent  & Dhaba,Restaurant,Dhaba,Ragoli,Madhya Pradesh,470232,,,,,north_indian,"Shri Thkur ji Restorent  & Dhaba, SH63, Barpani, Ragoli, Sagar Tahsil, Sagar, Madhya Pradesh, 470232, India",India,23.7944615,79.0562341,"https://www.google.com/maps?q=23.7944615,79.0562341",Budget
Neshnal Dhaba,Restaurant,Dhaba,Dumar,Madhya Pradesh,470229,,,,,north_indian,"Neshnal Dhaba, SH63, Garhakota, Dumar, Garhakota Tahsil, Sagar, Madhya Pradesh, 470229, India",India,23.7801725,79.1528158,"https://www.google.com/maps?q=23.7801725,79.1528158",Budget
GopalJi Bikaner Sweet Corner,Restaurant,Restaurant,Dumar,Madhya Pradesh,470229,,,,,multicuisine,"GopalJi Bikaner Sweet Corner, SH63, Garhakota, Dumar, Garhakota Tahsil, Sagar, Madhya Pradesh, 470229, India",India,23.7818249,79.1464514,"https://www.google.com/maps?q=23.7818249,79.1464514",Budget
Sapre Restorent,Restaurant,Restaurant,Dumar,Madhya Pradesh,470229,,,,,multicuisine,"Sapre Restorent, SH63, Garhakota, Dumar, Garhakota Tahsil, Sagar, Madhya Pradesh, 470229, India",India,23.7801553,79.150799,"https://www.google.com/maps?q=23.7801553,79.150799",Budget
New Bikaner Sweets & Namkeen,Restaurant,Restaurant,Dumar,Madhya Pradesh,470229,,,,,multicuisine,"New Bikaner Sweets & Namkeen, SH63, Garhakota, Dumar, Garhakota Tahsil, Sagar, Madhya Pradesh, 470229, India",India,23.7820422,79.1463488,"https://www.google.com/maps?q=23.7820422,79.1463488",Budget
Aadrika Resntrent & Bhojnalay,Restaurant,Restaurant,Dumar,Madhya Pradesh,470229,,,,,multicuisine,"Aadrika Resntrent & Bhojnalay, SH63, Garhakota, Dumar, Garhakota Tahsil, Sagar, Madhya Pradesh, 470229, India",India,23.7819175,79.1462794,"https://www.google.com/maps?q=23.7819175,79.1462794",Budget
Indian Family-Friendly,Restaurant,Restaurant,Dumar,Madhya Pradesh,470229,,,,,indian,"Indian Family-Friendly, SH63, Garhakota, Dumar, Garhakota Tahsil, Sagar, Madhya Pradesh, 470229, India",India,23.7816843,79.1465829,"https://www.google.com/maps?q=23.7816843,79.1465829",Budget
Shri Gopal Ji Restaurant Gargakota,Restaurant,Restaurant,Ragoli,Madhya Pradesh,470232,,,,,indian,"Shri Gopal Ji Restaurant Gargakota, SH63, Garhakota, Ragoli, Garhakota Tahsil, Sagar, Madhya Pradesh, 470232, India",India,23.7860487,79.1299892,"https://www.google.com/maps?q=23.7860487,79.1299892",Budget
Sakshi Hotel & Restorent,Restaurant,Hotel Restaurant,Ragoli,Madhya Pradesh,470229,,,,,multicuisine,"Sakshi Hotel & Restorent, SH63, Garhakota, Ragoli, Garhakota Tahsil, Sagar, Madhya Pradesh, 470229, India",India,23.7855675,79.1275802,"https://www.google.com/maps?q=23.7855675,79.1275802",Budget
Rishi Hotel,Restaurant,Hotel Restaurant,Bamori,Madhya Pradesh,470228,,,,,multicuisine,"Rishi Hotel, NH44, Bikabmari, Bamori, Sagar Tahsil, Sagar, Madhya Pradesh, 470228, India",India,23.7885156,78.8077618,"https://www.google.com/maps?q=23.7885156,78.8077618",Budget
Mewat haryana Rajasthan hotel,Restaurant,Hotel Restaurant,Bamori,Madhya Pradesh,470001,,,,,multicuisine,"Mewat haryana Rajasthan hotel, NH44, Khenjrabag, Bamori, Sagar Tahsil, Sagar, Madhya Pradesh, 470001, India",India,23.7932469,78.8089334,"https://www.google.com/maps?q=23.7932469,78.8089334",Budget
Motel  Keti Highway,Restaurant,Restaurant,Bamori,Madhya Pradesh,470001,,,,,multicuisine,"Motel  Keti Highway, NH44, Khenjrabag, Bamori, Sagar Tahsil, Sagar, Madhya Pradesh, 470001, India",India,23.7903407,78.8075531,"https://www.google.com/maps?q=23.7903407,78.8075531",Budget
Shrinath Dhaba,Restaurant,Dhaba,Bamori,Madhya Pradesh,470001,,,,,north_indian,"Shrinath Dhaba, SH21, Bikabmari, Bamori, Sagar Tahsil, Sagar, Madhya Pradesh, 470001, India",India,23.7761379,78.8202585,"https://www.google.com/maps?q=23.7761379,78.8202585",Budget
Sawariya Faimili Restorent,Restaurant,Restaurant,Bamori,Madhya Pradesh,470228,,,,,multicuisine,"Sawariya Faimili Restorent, SH21, Bikabmari, Bamori, Sagar Tahsil, Sagar, Madhya Pradesh, 470228, India",India,23.7784996,78.8179986,"https://www.google.com/maps?q=23.7784996,78.8179986",Budget
Mishra Bekary & Doodh Dery,Restaurant,Restaurant,Dhana,Madhya Pradesh,470228,,,,,multicuisine,"Mishra Bekary & Doodh Dery, SH21, Dhana, Sagar Tahsil, Sagar, Madhya Pradesh, 470228, India",India,23.7473933,78.8590058,"https://www.google.com/maps?q=23.7473933,78.8590058",Budget
Pujari Chat Center Dhana,Restaurant,Restaurant,Dhana,Madhya Pradesh,470228,,,,,multicuisine,"Pujari Chat Center Dhana, SH21, Dhana, Sagar Tahsil, Sagar, Madhya Pradesh, 470228, India",India,23.7455294,78.8623001,"https://www.google.com/maps?q=23.7455294,78.8623001",Budget
Akash Dhaba,Restaurant,Dhaba,Dhana,Madhya Pradesh,470228,,,,,north_indian,"Akash Dhaba, SH21, Dhana, Sagar Tahsil, Sagar, Madhya Pradesh, 470228, India",India,23.7383987,78.8732816,"https://www.google.com/maps?q=23.7383987,78.8732816",Budget
Sandeep Dhaba,Restaurant,Dhaba,Barauda,Madhya Pradesh,470228,,,,,north_indian,"Sandeep Dhaba, SH21, Ghatampur, Barauda, Sagar Tahsil, Sagar, Madhya Pradesh, 470228, India",India,23.7274111,78.8916916,"https://www.google.com/maps?q=23.7274111,78.8916916",Budget
Krishna Family Restaurant And Dhaba,Restaurant,Dhaba,Barauda,Madhya Pradesh,470228,,,,,indian,"Krishna Family Restaurant And Dhaba, SH21, Bansia, Barauda, Sagar Tahsil, Sagar, Madhya Pradesh, 470228, India",India,23.7171091,78.9066106,"https://www.google.com/maps?q=23.7171091,78.9066106",Budget
Rajpoot Hotel Indin,Restaurant,Hotel Restaurant,Barauda,Madhya Pradesh,470228,,,,,multicuisine,"Rajpoot Hotel Indin, SH21, Bansia, Barauda, Sagar Tahsil, Sagar, Madhya Pradesh, 470228, India",India,23.7148695,78.9090026,"https://www.google.com/maps?q=23.7148695,78.9090026",Budget
Kalptaru Restaurant & Dhaba,Restaurant,Dhaba,Barauda,Madhya Pradesh,470228,,,,,indian,"Kalptaru Restaurant & Dhaba, SH21, Bansia, Barauda, Sagar Tahsil, Sagar, Madhya Pradesh, 470228, India",India,23.7117601,78.9110319,"https://www.google.com/maps?q=23.7117601,78.9110319",Budget
Indian Coffee House,Restaurant,Cafe,Ranjhi Tahsil,Madhya Pradesh,482020,,,,,cafe,"Indian Coffee House, Shri S.C. Sinha Lane, Cantonment, Ranjhi Tahsil, Jabalpur, Madhya Pradesh, 482020, India",India,23.1219728,79.9702778,"https://www.google.com/maps?q=23.1219728,79.9702778",Budget
the famous chourasiya dhaba& restaurant,Restaurant,Dhaba,Bhopal,Madhya Pradesh,462038,https://maps.app.goo.gl/uBhgSshnYe4fAvga8,,,7067669399,indian;chinese;fast_food;breakfast;asian,"the famous chourasiya dhaba& restaurant, 01, Bhopal Bypass, Arwaliya, Bhopal, Huzur Tahsil, Bhopal, Madhya Pradesh, 462038, India",India,23.3399151,77.399881,"https://www.google.com/maps?q=23.3399151,77.399881",Budget
the famous chourasiya dhaba restaurant,Restaurant,Dhaba,Bhopal,Madhya Pradesh,462038,,,,7067669399,indian;chinese;fast_food;dessert,"the famous chourasiya dhaba restaurant, 001, Bhopal Bypass, Lambakhera, Bhopal, Huzur Tahsil, Bhopal, Madhya Pradesh, 462038, India",India,23.3388666,77.400156,"https://www.google.com/maps?q=23.3388666,77.400156",Budget
Honey's Kitchen Official Bhopal,Restaurant,Restaurant,Bhopal,Madhya Pradesh,462003,https://www.instagram.com/honeys_kitchen_official/,,,+91-7587-511503,coffee_shop;sandwich;indian;ice_cream;dessert;chinese;momos,"Honey's Kitchen Official Bhopal, Shop no 9, Tarun Market 1250 Tulsi nagar., Main Road 1, Bheem Nagar, Bhopal, Huzur Tahsil, Bhopal, Madhya Pradesh, 462003, India",India,23.230231,77.4115543,"https://www.google.com/maps?q=23.230231,77.4115543",Budget
Kuldeep  Thakur Fast Food,Restaurant,Restaurant,Rehli,Madhya Pradesh,470227,,,,,multicuisine,"Kuldeep  Thakur Fast Food, K R, Rehli, Rehli Tahsil, Sagar, Madhya Pradesh, 470227, India",India,23.6360366,79.060013,"https://www.google.com/maps?q=23.6360366,79.060013",Budget
Shri Sairam Dhaba,Restaurant,Dhaba,Berkheri,Madhya Pradesh,470001,,,,,north_indian,"Shri Sairam Dhaba, NH44, Berkheri, Sagar Nagar Tahsil, Sagar, Madhya Pradesh, 470001, India",India,23.7707686,78.809171,"https://www.google.com/maps?q=23.7707686,78.809171",Budget
Ramkuti Dhaba,Restaurant,Dhaba,Berkheri,Madhya Pradesh,470001,,,,,north_indian,"Ramkuti Dhaba, NH44, Berkheri, Sagar Nagar Tahsil, Sagar, Madhya Pradesh, 470001, India",India,23.7698811,78.8090567,"https://www.google.com/maps?q=23.7698811,78.8090567",Budget
New Royal Family Bhojnalaya,Restaurant,Restaurant,Chitaura,Madhya Pradesh,470001,,,,,multicuisine,"New Royal Family Bhojnalaya, NH44, Bhilaiya, Chitaura, Sagar Tahsil, Sagar, Madhya Pradesh, 470001, India",India,23.7501215,78.8080442,"https://www.google.com/maps?q=23.7501215,78.8080442",Budget
Rudraksh Dhaba and Resntorent,Restaurant,Dhaba,Berkheri,Madhya Pradesh,470001,,,,,north_indian,"Rudraksh Dhaba and Resntorent, NH44, Berkheri, Sagar Nagar Tahsil, Sagar, Madhya Pradesh, 470001, India",India,23.7591101,78.8090618,"https://www.google.com/maps?q=23.7591101,78.8090618",Budget
Ma Annpurdna Dahee Bada,Restaurant,Restaurant,Chitaura,Madhya Pradesh,470221,,,,,multicuisine,"Ma Annpurdna Dahee Bada, NH44, Bhilaiya, Chitaura, Sagar Tahsil, Sagar, Madhya Pradesh, 470221, India",India,23.7408604,78.8081976,"https://www.google.com/maps?q=23.7408604,78.8081976",Budget
UtsavDhaba,Restaurant,Dhaba,Chitaura,Madhya Pradesh,470221,,,,,north_indian,"UtsavDhaba, NH44, Bhilaiya, Chitaura, Sagar Tahsil, Sagar, Madhya Pradesh, 470221, India",India,23.7235413,78.8088145,"https://www.google.com/maps?q=23.7235413,78.8088145",Budget
Bundeli Spice The Highway  Adda,Restaurant,Restaurant,Chitaura,Madhya Pradesh,470221,,,,,multicuisine,"Bundeli Spice The Highway  Adda, NH44, Bhilaiya, Chitaura, Sagar Tahsil, Sagar, Madhya Pradesh, 470221, India",India,23.7312809,78.8081003,"https://www.google.com/maps?q=23.7312809,78.8081003",Budget
Raja Dhada,Restaurant,Restaurant,Chitaura,Madhya Pradesh,470221,,,,,multicuisine,"Raja Dhada, NH44, Bhilaiya, Chitaura, Sagar Tahsil, Sagar, Madhya Pradesh, 470221, India",India,23.7372848,78.8079795,"https://www.google.com/maps?q=23.7372848,78.8079795",Budget
Sorabh Dhaba,Restaurant,Dhaba,Chitaura,Madhya Pradesh,470221,,,,,north_indian,"Sorabh Dhaba, NH44, Bhilaiya, Chitaura, Sagar Tahsil, Sagar, Madhya Pradesh, 470221, India",India,23.7323554,78.8088287,"https://www.google.com/maps?q=23.7323554,78.8088287",Budget
Jai Tarang Dhaba & Family.......,Restaurant,Dhaba,Chitaura,Madhya Pradesh,470221,,,,,north_indian,"Jai Tarang Dhaba & Family......., NH44, Bhilaiya, Chitaura, Sagar Tahsil, Sagar, Madhya Pradesh, 470221, India",India,23.728838,78.8084062,"https://www.google.com/maps?q=23.728838,78.8084062",Budget
Highway Mini Nest,Restaurant,Restaurant,Chitaura,Madhya Pradesh,470221,,,,,multicuisine,"Highway Mini Nest, NH44, Bhilaiya, Chitaura, Sagar Tahsil, Sagar, Madhya Pradesh, 470221, India",India,23.7264416,78.8086029,"https://www.google.com/maps?q=23.7264416,78.8086029",Budget
Rajesh Chicken Shop,Restaurant,Restaurant,Chitaura,Madhya Pradesh,470221,,,,,fast_food,"Rajesh Chicken Shop, NH44, Bhilaiya, Raipura, Chitaura, Sagar Tahsil, Sagar, Madhya Pradesh, 470221, India",India,23.7147465,78.8104426,"https://www.google.com/maps?q=23.7147465,78.8104426",Budget
Mewat Dhaba,Restaurant,Dhaba,Chitaura,Madhya Pradesh,470221,,,,,north_indian,"Mewat Dhaba, NH44, Bhilaiya, Raipura, Chitaura, Sagar Tahsil, Sagar, Madhya Pradesh, 470221, India",India,23.7154589,78.8111188,"https://www.google.com/maps?q=23.7154589,78.8111188",Budget
Rajasthani Dhaba,Restaurant,Dhaba,Chitaura,Madhya Pradesh,470221,,,,,north_indian,"Rajasthani Dhaba, NH44, Bhilaiya, Raipura, Chitaura, Sagar Tahsil, Sagar, Madhya Pradesh, 470221, India",India,23.7166841,78.8109177,"https://www.google.com/maps?q=23.7166841,78.8109177",Budget
Panjabi Khnna Dhaba,Restaurant,Dhaba,Chitaura,Madhya Pradesh,470221,,,,,north_indian,"Panjabi Khnna Dhaba, NH44, Bhilaiya, Chitaura, Sagar Tahsil, Sagar, Madhya Pradesh, 470221, India",India,23.7068652,78.8114429,"https://www.google.com/maps?q=23.7068652,78.8114429",Budget
Laal Dhaba,Restaurant,Dhaba,Chitaura,Madhya Pradesh,470221,,,,,north_indian,"Laal Dhaba, NH44, Bhilaiya, Chitaura, Sagar Tahsil, Sagar, Madhya Pradesh, 470221, India",India,23.7075524,78.8112653,"https://www.google.com/maps?q=23.7075524,78.8112653",Budget
Mewat Hotal Gane,Restaurant,Restaurant,Chitaura,Madhya Pradesh,470221,,,,,multicuisine,"Mewat Hotal Gane, NH44, Bhilaiya, Chitaura, Sagar Tahsil, Sagar, Madhya Pradesh, 470221, India",India,23.7061471,78.8119792,"https://www.google.com/maps?q=23.7061471,78.8119792",Budget
Satkaar Dhaba And Hotel,Restaurant,Dhaba,Chitaura,Madhya Pradesh,470221,,,,,north_indian,"Satkaar Dhaba And Hotel, NH44, Bhilaiya, Samnapur, Chitaura, Sagar Tahsil, Sagar, Madhya Pradesh, 470221, India",India,23.7008019,78.8121809,"https://www.google.com/maps?q=23.7008019,78.8121809",Budget
Khalsa Punjabi Dhaba,Restaurant,Dhaba,Chitaura,Madhya Pradesh,470221,,,,,north_indian,"Khalsa Punjabi Dhaba, NH44, Bhilaiya, Chitaura, Sagar Tahsil, Sagar, Madhya Pradesh, 470221, India",India,23.6799598,78.8133451,"https://www.google.com/maps?q=23.6799598,78.8133451",Budget
Haryana Dhaba&Restaurant,Restaurant,Dhaba,Surkhi,Madhya Pradesh,470221,,,,,indian,"Haryana Dhaba&Restaurant, NH44, Surkhi, Sagar Tahsil, Sagar, Madhya Pradesh, 470221, India",India,23.6227966,78.8383811,"https://www.google.com/maps?q=23.6227966,78.8383811",Budget
Nema Mishthan Bhandar,Restaurant,Restaurant,Surkhi,Madhya Pradesh,470221,,,,,sushi,"Nema Mishthan Bhandar, NH44, Bhilaiya, Surkhi, Sagar Tahsil, Sagar, Madhya Pradesh, 470221, India",India,23.6321099,78.8324878,"https://www.google.com/maps?q=23.6321099,78.8324878",Budget
Anokha Pan Bhandar,Restaurant,Restaurant,Surkhi,Madhya Pradesh,470221,,,,,multicuisine,"Anokha Pan Bhandar, NH44, Bhilaiya, Surkhi, Sagar Tahsil, Sagar, Madhya Pradesh, 470221, India",India,23.6329274,78.8321493,"https://www.google.com/maps?q=23.6329274,78.8321493",Budget
Sarpanch Dhaba Surkhi,Restaurant,Dhaba,Surkhi,Madhya Pradesh,470221,,,,,north_indian,"Sarpanch Dhaba Surkhi, NH44, Mirwasa, Surkhi, Sagar Tahsil, Sagar, Madhya Pradesh, 470221, India",India,23.6046693,78.8488142,"https://www.google.com/maps?q=23.6046693,78.8488142",Budget
Guru Govind Singh Dhaba,Restaurant,Dhaba,Ramtek,Madhya Pradesh,470221,,,,,north_indian,"Guru Govind Singh Dhaba, NH44, Mirwasa, Ramtek, Sagar Tahsil, Sagar, Madhya Pradesh, 470221, India",India,23.5894612,78.8652073,"https://www.google.com/maps?q=23.5894612,78.8652073",Budget
Guru Nanak Khalsa Punjabi Dhaba,Restaurant,Dhaba,Ramtek,Madhya Pradesh,470221,,,,,north_indian,"Guru Nanak Khalsa Punjabi Dhaba, NH44, Nandpur, Markhera, Ramtek, Sagar Tahsil, Sagar, Madhya Pradesh, 470221, India",India,23.5880852,78.8672385,"https://www.google.com/maps?q=23.5880852,78.8672385",Budget
Akshay Kirana Ice Cream....,Restaurant,Restaurant,Ramtek,Madhya Pradesh,470221,,,,,multicuisine,"Akshay Kirana Ice Cream...., NH44, Mirwasa, Ramtek, Sagar Tahsil, Sagar, Madhya Pradesh, 470221, India",India,23.5944463,78.8590396,"https://www.google.com/maps?q=23.5944463,78.8590396",Budget
Raja dhaba,Restaurant,Dhaba,Markhera,Madhya Pradesh,470223,,,,,north_indian,"Raja dhaba, NH44, Nandpur, Markhera, Sagar Tahsil, Sagar, Madhya Pradesh, 470223, India",India,23.5859811,78.8697097,"https://www.google.com/maps?q=23.5859811,78.8697097",Budget
Asiam Singer Mewati Hotel,Restaurant,Hotel Restaurant,Ramtek,Madhya Pradesh,470221,,,,,multicuisine,"Asiam Singer Mewati Hotel, NH44, Mirwasa, Ramtek, Sagar Tahsil, Sagar, Madhya Pradesh, 470221, India",India,23.5923831,78.861099,"https://www.google.com/maps?q=23.5923831,78.861099",Budget
Guddu Dhava Dhava,Restaurant,Restaurant,Juab,Madhya Pradesh,470223,,,,,multicuisine,"Guddu Dhava Dhava, NH44, Ghosipatti, Gourjhamar, Juab, Deori Tahsil, Sagar, Madhya Pradesh, 470223, India",India,23.5246421,78.9203608,"https://www.google.com/maps?q=23.5246421,78.9203608",Budget
MaAnnpurna bhojalay &dhaba,Restaurant,Dhaba,Juab,Madhya Pradesh,470223,,,,,north_indian,"MaAnnpurna bhojalay &dhaba, NH44, Ghosipatti, Gourjhamar, Juab, Deori Tahsil, Sagar, Madhya Pradesh, 470223, India",India,23.5377489,78.911137,"https://www.google.com/maps?q=23.5377489,78.911137",Budget
Shiv Shambhu Anand Guddu Driver Dhaba,Restaurant,Dhaba,Juab,Madhya Pradesh,470223,,,,,north_indian,"Shiv Shambhu Anand Guddu Driver Dhaba, NH44, Ghosipatti, Gourjhamar, Juab, Deori Tahsil, Sagar, Madhya Pradesh, 470223, India",India,23.5306529,78.9167197,"https://www.google.com/maps?q=23.5306529,78.9167197",Budget
Raja Dhaba,Restaurant,Dhaba,Juab,Madhya Pradesh,470223,,,,,north_indian,"Raja Dhaba, NH44, Ghosipatti, Sonpur, Juab, Deori Tahsil, Sagar, Madhya Pradesh, 470223, India",India,23.5158876,78.9275289,"https://www.google.com/maps?q=23.5158876,78.9275289",Budget
Dewansh Hotel & Kirana,Restaurant,Hotel Restaurant,Kukwara,Madhya Pradesh,470223,,,,,multicuisine,"Dewansh Hotel & Kirana, SH30, Berkheri, Kukwara, Deori Tahsil, Sagar, Madhya Pradesh, 470223, India",India,23.5117039,78.9329301,"https://www.google.com/maps?q=23.5117039,78.9329301",Budget
Arjun Krashi Sewa Kendr &Fast Food,Restaurant,Restaurant,Gaurjhamar,Madhya Pradesh,470223,,,,,multicuisine,"Arjun Krashi Sewa Kendr &Fast Food, MD1927, Gourjhamar, Gaurjhamar, Deori Tahsil, Sagar, Madhya Pradesh, 470223, India",India,23.5236668,78.930733,"https://www.google.com/maps?q=23.5236668,78.930733",Budget
Saket Shrivastava,Restaurant,Restaurant,Gaurjhamar,Madhya Pradesh,470223,,,,,multicuisine,"Saket Shrivastava, MD1927, Gourjhamar, Gaurjhamar, Deori Tahsil, Sagar, Madhya Pradesh, 470223, India",India,23.52694,78.9383135,"https://www.google.com/maps?q=23.52694,78.9383135",Budget
Raja Dhaba,Restaurant,Dhaba,Juab,Madhya Pradesh,470223,,,,,north_indian,"Raja Dhaba, NH44, Ghosipatti, Berkheri, Juab, Deori Tahsil, Sagar, Madhya Pradesh, 470223, India",India,23.5127391,78.9320487,"https://www.google.com/maps?q=23.5127391,78.9320487",Budget
Chourasiya Chat Bhandar,Restaurant,Restaurant,Gaurjhamar,Madhya Pradesh,470223,,,,,multicuisine,"Chourasiya Chat Bhandar, MD1927, Gourjhamar, Gaurjhamar, Deori Tahsil, Sagar, Madhya Pradesh, 470223, India",India,23.5248149,78.9308934,"https://www.google.com/maps?q=23.5248149,78.9308934",Budget
Mailk Dairy Gourjhamar,Restaurant,Restaurant,Gaurjhamar,Madhya Pradesh,470226,,,,,steak_house,"Mailk Dairy Gourjhamar, NH44, Silarpur, Gaurjhamar, Deori Tahsil, Sagar, Madhya Pradesh, 470226, India",India,23.5041313,78.9451724,"https://www.google.com/maps?q=23.5041313,78.9451724",Budget
Harish Mewat Dhaba,Restaurant,Dhaba,Silari,Madhya Pradesh,470226,,,,,north_indian,"Harish Mewat Dhaba, NH44, Katangi, Silari, Deori Tahsil, Sagar, Madhya Pradesh, 470226, India",India,23.4296065,79.0020077,"https://www.google.com/maps?q=23.4296065,79.0020077",Budget
Shiva Dhaba,Restaurant,Dhaba,Silari,Madhya Pradesh,470226,,,,,north_indian,"Shiva Dhaba, NH44, Gopalpura, Silari, Deori Tahsil, Sagar, Madhya Pradesh, 470226, India",India,23.4661674,78.9788492,"https://www.google.com/maps?q=23.4661674,78.9788492",Budget
Hotel Jai Shree Ram,Restaurant,Hotel Restaurant,Silari,Madhya Pradesh,470226,,,,,multicuisine,"Hotel Jai Shree Ram, NH44, Gopalpura, Silari, Deori Tahsil, Sagar, Madhya Pradesh, 470226, India",India,23.4640367,78.9812431,"https://www.google.com/maps?q=23.4640367,78.9812431",Budget
Punjabi LalitpurSagar Dhaba,Restaurant,Dhaba,Silari,Madhya Pradesh,470226,,,,,north_indian,"Punjabi LalitpurSagar Dhaba, NH44, Semra, Silari, Deori Tahsil, Sagar, Madhya Pradesh, 470226, India",India,23.4216203,79.0061734,"https://www.google.com/maps?q=23.4216203,79.0061734",Budget
Mewati Hotel Irfan Jamalgarh,Restaurant,Hotel Restaurant,Silari,Madhya Pradesh,470226,,,,,multicuisine,"Mewati Hotel Irfan Jamalgarh, NH44, Katangi, Silari, Deori Tahsil, Sagar, Madhya Pradesh, 470226, India",India,23.4273105,79.0033336,"https://www.google.com/maps?q=23.4273105,79.0033336",Budget
Hotel Jai Shree Ram,Restaurant,Hotel Restaurant,Silari,Madhya Pradesh,470226,,,,,multicuisine,"Hotel Jai Shree Ram, NH44, Semra, Silari, Deori Tahsil, Sagar, Madhya Pradesh, 470226, India",India,23.4245373,79.0056687,"https://www.google.com/maps?q=23.4245373,79.0056687",Budget
Pushpdeep Dhaba Veg &......,Restaurant,Dhaba,Silari,Madhya Pradesh,470226,,,,,north_indian,"Pushpdeep Dhaba Veg &......, NH44, Silari, Deori Tahsil, Sagar, Madhya Pradesh, 470226, India",India,23.405956,79.023413,"https://www.google.com/maps?q=23.405956,79.023413",Budget
Shree Ram Resntorent,Restaurant,Restaurant,Silari,Madhya Pradesh,470226,,,,,multicuisine,"Shree Ram Resntorent, NH44, Silari, Deori Tahsil, Sagar, Madhya Pradesh, 470226, India",India,23.4074386,79.018528,"https://www.google.com/maps?q=23.4074386,79.018528",Budget
Patel Dhaba & Restorent,Restaurant,Dhaba,Silari,Madhya Pradesh,470226,,,,,north_indian,"Patel Dhaba & Restorent, NH44, Silari, Deori Tahsil, Sagar, Madhya Pradesh, 470226, India",India,23.404889,79.025036,"https://www.google.com/maps?q=23.404889,79.025036",Budget
Aakit Mewat Dhaba Nosera,Restaurant,Dhaba,Silari,Madhya Pradesh,470227,,,,,north_indian,"Aakit Mewat Dhaba Nosera, NH44, Deori, Silari, Deori Tahsil, Sagar, Madhya Pradesh, 470227, India",India,23.4009793,79.0287604,"https://www.google.com/maps?q=23.4009793,79.0287604",Budget
NH  44 Hotel & Restaurant,Restaurant,Hotel Restaurant,Gadguwah,Madhya Pradesh,470227,,,,,indian,"NH  44 Hotel & Restaurant, NH44, Chhor, Gadguwah, Deori Tahsil, Sagar, Madhya Pradesh, 470227, India",India,23.3716439,79.0225675,"https://www.google.com/maps?q=23.3716439,79.0225675",Budget
Sai Dhaba,Restaurant,Dhaba,Silari,Madhya Pradesh,470227,,,,,north_indian,"Sai Dhaba, NH44, Deori, Silari, Deori Tahsil, Sagar, Madhya Pradesh, 470227, India",India,23.3921793,79.0328218,"https://www.google.com/maps?q=23.3921793,79.0328218",Budget
Khttri Dhaba,Restaurant,Dhaba,Gadguwah,Madhya Pradesh,470227,,,,,north_indian,"Khttri Dhaba, NH44, Chhor, Gadguwah, Deori Tahsil, Sagar, Madhya Pradesh, 470227, India",India,23.3700435,79.0235111,"https://www.google.com/maps?q=23.3700435,79.0235111",Budget
Aashirwad Cafe,Restaurant,Cafe,Deori Khas,Madhya Pradesh,470226,,,,,cafe,"Aashirwad Cafe, SH22, Chhor, Deori Khas, Deori Tahsil, Sagar, Madhya Pradesh, 470226, India",India,23.382656,79.0193181,"https://www.google.com/maps?q=23.382656,79.0193181",Budget
The Guru Caffe Restaurant,Restaurant,Restaurant,Deori Khas,Madhya Pradesh,470226,,,,,indian,"The Guru Caffe Restaurant, SH22, Deori, Deori Khas, Deori Tahsil, Sagar, Madhya Pradesh, 470226, India",India,23.3788817,79.0204542,"https://www.google.com/maps?q=23.3788817,79.0204542",Budget
Babu Bhai,Restaurant,Restaurant,Sagar,Madhya Pradesh,470001,,,,,multicuisine,"Babu Bhai, SH20, Tilli, Sagar, Sagar Nagar Tahsil, Sagar, Madhya Pradesh, 470001, India",India,23.8048265,78.7514723,"https://www.google.com/maps?q=23.8048265,78.7514723",Budget
Bhoopand Patel,Restaurant,Restaurant,Sagar,Madhya Pradesh,470002,,,,,multicuisine,"Bhoopand Patel, SH20, Tilli, Sagar, Sagar Nagar Tahsil, Sagar, Madhya Pradesh, 470002, India",India,23.7992776,78.7469954,"https://www.google.com/maps?q=23.7992776,78.7469954",Budget
Hill Top Veg And Non Veg,Restaurant,Restaurant,Sagar,Madhya Pradesh,470001,,,,,multicuisine,"Hill Top Veg And Non Veg, SH20, Tilli, Sagar, Sagar Nagar Tahsil, Sagar, Madhya Pradesh, 470001, India",India,23.7952126,78.7486083,"https://www.google.com/maps?q=23.7952126,78.7486083",Budget
Aanad Daily Needs,Restaurant,Restaurant,Sagar,Madhya Pradesh,470001,,,,,multicuisine,"Aanad Daily Needs, SH20, Tilli, Sagar, Sagar Nagar Tahsil, Sagar, Madhya Pradesh, 470001, India",India,23.7930896,78.7523639,"https://www.google.com/maps?q=23.7930896,78.7523639",Budget
DELICIOUS,Restaurant,Restaurant,Sagar,Madhya Pradesh,470001,,,,,multicuisine,"DELICIOUS, SH20, Tilli, Sagar, Sagar Nagar Tahsil, Sagar, Madhya Pradesh, 470001, India",India,23.7942928,78.7511969,"https://www.google.com/maps?q=23.7942928,78.7511969",Budget
Yadav Dhaba,Restaurant,Dhaba,Sagar,Madhya Pradesh,470001,,,,,north_indian,"Yadav Dhaba, SH20, Menpani, Sagar, Sagar Nagar Tahsil, Sagar, Madhya Pradesh, 470001, India",India,23.7887313,78.7613998,"https://www.google.com/maps?q=23.7887313,78.7613998",Budget
Ghanshyam Rastorant,Restaurant,Restaurant,Talchiri,Madhya Pradesh,470001,,,,,multicuisine,"Ghanshyam Rastorant, SH20, Talchiri, Sagar, Madhya Pradesh, 470001, India",India,23.7564149,78.7591167,"https://www.google.com/maps?q=23.7564149,78.7591167",Budget
Krishna Hotel,Restaurant,Hotel Restaurant,Talchiri,Madhya Pradesh,470001,,,,,multicuisine,"Krishna Hotel, SH20, Talchiri, Sagar, Madhya Pradesh, 470001, India",India,23.756716,78.7593002,"https://www.google.com/maps?q=23.756716,78.7593002",Budget
Lakhan Rajghat,Restaurant,Restaurant,Hinota,Madhya Pradesh,470001,,,,,multicuisine,"Lakhan Rajghat, SH20, Hinota, Sagar, Madhya Pradesh, 470001, India",India,23.7386997,78.7508869,"https://www.google.com/maps?q=23.7386997,78.7508869",Budget
Sothiya,Restaurant,Restaurant,Sothia,Madhya Pradesh,470001,,,,,multicuisine,"Sothiya, SH20, Sothia, Sagar, Madhya Pradesh, 470001, India",India,23.7424239,78.7118649,"https://www.google.com/maps?q=23.7424239,78.7118649",Budget
Samose Ki dukan,Restaurant,Restaurant,Karaia,Madhya Pradesh,470125,,,,,multicuisine,"Samose Ki dukan, SH20, Karaiya, Karaia, Sagar, Madhya Pradesh, 470125, India",India,23.6545999,78.6413661,"https://www.google.com/maps?q=23.6545999,78.6413661",Budget
Chhoti  Gondai Rinku Shukla,Restaurant,Restaurant,Jaisinghnagar,Madhya Pradesh,470125,,,,,multicuisine,"Chhoti  Gondai Rinku Shukla, SH20, Kankarkuia, Jaisinghnagar, Sagar, Madhya Pradesh, 470125, India",India,23.6377026,78.6043038,"https://www.google.com/maps?q=23.6377026,78.6043038",Budget
Narvda Chat Sentar,Restaurant,Restaurant,Jaisinghnagar,Madhya Pradesh,470125,,,,,multicuisine,"Narvda Chat Sentar, SH20, Jaisinghnagar, Sagar, Madhya Pradesh, 470125, India",India,23.6192934,78.5715051,"https://www.google.com/maps?q=23.6192934,78.5715051",Budget
Faiv Star Hotel,Restaurant,Hotel Restaurant,Jaisinghnagar,Madhya Pradesh,470125,,,,,multicuisine,"Faiv Star Hotel, SH20, Jaisinghnagar, Sagar, Madhya Pradesh, 470125, India",India,23.6191169,78.5715373,"https://www.google.com/maps?q=23.6191169,78.5715373",Budget
Yuvraj  Lodhi,Restaurant,Restaurant,Jaisinghnagar,Madhya Pradesh,470125,,,,,multicuisine,"Yuvraj  Lodhi, MD1921, Jaisinghnagar, Jaisinagar Tahsil, Sagar, Madhya Pradesh, 470125, India",India,23.624639,78.5678982,"https://www.google.com/maps?q=23.624639,78.5678982",Budget
Golu Ke Golgppe,Restaurant,Restaurant,Jaisinghnagar,Madhya Pradesh,470125,,,,,multicuisine,"Golu Ke Golgppe, MD1921, Jaisinghnagar, Jaisinagar Tahsil, Sagar, Madhya Pradesh, 470125, India",India,23.6299224,78.5690783,"https://www.google.com/maps?q=23.6299224,78.5690783",Budget
Shree Pure Veg Restaurant,Restaurant,Restaurant,Bijanwada,Madhya Pradesh,461775,,,,,indian,"Shree Pure Veg Restaurant, Pipariya Road, Pipariya, Bijanwada, Pipariya Tahsil, Narmadapuram, Madhya Pradesh, 461775, India",India,22.7527372,78.3549022,"https://www.google.com/maps?q=22.7527372,78.3549022",Budget
Chandresh Dhaba,Restaurant,Dhaba,Bansa,Madhya Pradesh,470125,,,,,north_indian,"Chandresh Dhaba, MD1921, Sarkhari, Bansa, Jaisinagar Tahsil, Sagar, Madhya Pradesh, 470125, India",India,23.7041984,78.544116,"https://www.google.com/maps?q=23.7041984,78.544116",Budget
The Frypan Restaurant,Restaurant,Restaurant,Pachmarhi,Madhya Pradesh,461881,,,,+919425367878,pizza;coffee_shop;burger;chinese;sandwich;chocolate,"The Frypan Restaurant, Matkuli - Pachmarhi Highway, Pachmarhi Town, Pachmarhi, Pipariya Tahsil, Narmadapuram, Madhya Pradesh, 461881, India",India,22.4733608,78.4335596,"https://www.google.com/maps?q=22.4733608,78.4335596",Budget
Raja The Dhaba & Faimli  Restorent,Restaurant,Dhaba,Ratona,Madhya Pradesh,470001,,,,,north_indian,"Raja The Dhaba & Faimli  Restorent, NH146, Badona, Ratona, Sagar Nagar Tahsil, Sagar, Madhya Pradesh, 470001, India",India,23.820035,78.6718498,"https://www.google.com/maps?q=23.820035,78.6718498",Budget
Muskran Resntorent,Restaurant,Restaurant,Ratona,Madhya Pradesh,470002,,,,,multicuisine,"Muskran Resntorent, NH146, Badona, Ratona, Sagar Nagar Tahsil, Sagar, Madhya Pradesh, 470002, India",India,23.8233237,78.676813,"https://www.google.com/maps?q=23.8233237,78.676813",Budget
Sorabh Dhaba,Restaurant,Dhaba,Ratona,Madhya Pradesh,470002,,,,,north_indian,"Sorabh Dhaba, NH146, Badona, Ratona, Sagar Nagar Tahsil, Sagar, Madhya Pradesh, 470002, India",India,23.8233472,78.6784132,"https://www.google.com/maps?q=23.8233472,78.6784132",Budget
Bhavani Resntorent,Restaurant,Restaurant,Ratona,Madhya Pradesh,470001,,,,,multicuisine,"Bhavani Resntorent, NH146, Badona, Ratona, Sagar Nagar Tahsil, Sagar, Madhya Pradesh, 470001, India",India,23.8208715,78.6733603,"https://www.google.com/maps?q=23.8208715,78.6733603",Budget
Rochee Dhaba,Restaurant,Dhaba,Ratona,Madhya Pradesh,470002,,,,,north_indian,"Rochee Dhaba, NH146, Badona, Ratona, Sagar Nagar Tahsil, Sagar, Madhya Pradesh, 470002, India",India,23.8220365,78.6757814,"https://www.google.com/maps?q=23.8220365,78.6757814",Budget
The Urban Dhaba Pure Veg,Restaurant,Dhaba,Ratona,Madhya Pradesh,470005,,,,,north_indian,"The Urban Dhaba Pure Veg, NH146, Lehdara, Ratona, Sagar Nagar Tahsil, Sagar, Madhya Pradesh, 470005, India",India,23.8250619,78.6844049,"https://www.google.com/maps?q=23.8250619,78.6844049",Budget
Arihant Sweets And Bakery,Restaurant,Restaurant,Sagar,Madhya Pradesh,470002,,,,,multicuisine,"Arihant Sweets And Bakery, Jyotesh Pandey Sagar Road, Sagar, Sagar Nagar Tahsil, Sagar, Madhya Pradesh, 470002, India",India,23.8293702,78.7327547,"https://www.google.com/maps?q=23.8293702,78.7327547",Budget
Food Club & Resturant,Restaurant,Restaurant,Sagar,Madhya Pradesh,470003,,,,,multicuisine,"Food Club & Resturant, Jyotesh Pandey Sagar Road, Sagar, Sagar Nagar Tahsil, Sagar, Madhya Pradesh, 470003, India",India,23.8191559,78.7266199,"https://www.google.com/maps?q=23.8191559,78.7266199",Budget
Akash Ege Shop,Restaurant,Restaurant,Sagar,Madhya Pradesh,470002,,,,,multicuisine,"Akash Ege Shop, Jyotesh Pandey Sagar Road, Sagar, Sagar Nagar Tahsil, Sagar, Madhya Pradesh, 470002, India",India,23.8236783,78.7251019,"https://www.google.com/maps?q=23.8236783,78.7251019",Budget
Hahe Krsna Resntorent,Restaurant,Restaurant,Sagar,Madhya Pradesh,470001,,,,,multicuisine,"Hahe Krsna Resntorent, Jyotesh Pandey Sagar Road, Sagar, Sagar Nagar Tahsil, Sagar, Madhya Pradesh, 470001, India",India,23.8192562,78.7265576,"https://www.google.com/maps?q=23.8192562,78.7265576",Budget
Shree,Restaurant,Restaurant,Sagar,Madhya Pradesh,470001,,,,,multicuisine,"Shree, Shri Gajanan Bhavan Road, Tilli, Sagar, Sagar Nagar Tahsil, Sagar, Madhya Pradesh, 470001, India",India,23.8162801,78.7341183,"https://www.google.com/maps?q=23.8162801,78.7341183",Budget
Jay Mata Di Chat Center,Restaurant,Restaurant,Sagar,Madhya Pradesh,470001,,,,,multicuisine,"Jay Mata Di Chat Center, Jyotesh Pandey Road, Sagar, Sagar Nagar Tahsil, Sagar, Madhya Pradesh, 470001, India",India,23.8333376,78.7503479,"https://www.google.com/maps?q=23.8333376,78.7503479",Budget
Him Baahubali Resntorent,Restaurant,Restaurant,Sagar,Madhya Pradesh,470001,,,,,multicuisine,"Him Baahubali Resntorent, Jyotesh Pandey Road, Sagar, Sagar Nagar Tahsil, Sagar, Madhya Pradesh, 470001, India",India,23.8296757,78.7513706,"https://www.google.com/maps?q=23.8296757,78.7513706",Budget
Bombay Chaupati Snacks Point,Restaurant,Restaurant,Sagar,Madhya Pradesh,470001,,,,,multicuisine,"Bombay Chaupati Snacks Point, Jyotesh Pandey Road, Sagar, Sagar Nagar Tahsil, Sagar, Madhya Pradesh, 470001, India",India,23.8299504,78.7513174,"https://www.google.com/maps?q=23.8299504,78.7513174",Budget
SagarRestaurant & Bar,Restaurant,Bar & Restaurant,Berkheri Khurd,Madhya Pradesh,470115,,,,,indian,"SagarRestaurant & Bar, NH934, Garholi, Berkheri Khurd, Sagar Tahsil, Sagar, Madhya Pradesh, 470115, India",India,23.8564351,78.7000396,"https://www.google.com/maps?q=23.8564351,78.7000396",Budget
Jatashankar Dhaba,Restaurant,Dhaba,Berkheri Khurd,Madhya Pradesh,470001,,,,,north_indian,"Jatashankar Dhaba, NH934, Pathariya Hat, Berkheri Khurd, Sagar Tahsil, Sagar, Madhya Pradesh, 470001, India",India,23.8541322,78.687503,"https://www.google.com/maps?q=23.8541322,78.687503",Budget
Suryansh Femily  Restaurant  Berkheri,Restaurant,Restaurant,Berkheri Khurd,Madhya Pradesh,470002,,,,,indian,"Suryansh Femily  Restaurant  Berkheri, NH934, Jarara, Berkheri Khurd, Sagar Tahsil, Sagar, Madhya Pradesh, 470002, India",India,23.8550469,78.6367019,"https://www.google.com/maps?q=23.8550469,78.6367019",Budget
Family Guy Friends,Restaurant,Restaurant,Jeral,Madhya Pradesh,470115,,,,,multicuisine,"Family Guy Friends, NH934, Jarara, Jeral, Sagar Tahsil, Sagar, Madhya Pradesh, 470115, India",India,23.8654296,78.6116239,"https://www.google.com/maps?q=23.8654296,78.6116239",Budget
ToofanTea Centre,Restaurant,Restaurant,Jeral,Madhya Pradesh,470115,,,,,multicuisine,"ToofanTea Centre, NH934, Jarara, Jeral, Sagar Tahsil, Sagar, Madhya Pradesh, 470115, India",India,23.8673553,78.6111643,"https://www.google.com/maps?q=23.8673553,78.6111643",Budget
Chat Centre,Restaurant,Restaurant,Naryawali,Madhya Pradesh,470115,,,,,multicuisine,"Chat Centre, NH934, Naryawali, Sagar Tahsil, Sagar, Madhya Pradesh, 470115, India",India,23.9114567,78.5867372,"https://www.google.com/maps?q=23.9114567,78.5867372",Budget
Shree Hari Har Resturent,Restaurant,Restaurant,Naryawali,Madhya Pradesh,470115,,,,,multicuisine,"Shree Hari Har Resturent, NH934, Naryawali, Sagar Tahsil, Sagar, Madhya Pradesh, 470115, India",India,23.912631,78.5849705,"https://www.google.com/maps?q=23.912631,78.5849705",Budget
Jay Gurudev Family Restaurant,Restaurant,Restaurant,Naryawali,Madhya Pradesh,470115,,,,,indian,"Jay Gurudev Family Restaurant, NH934, Naryawali, Sagar Tahsil, Sagar, Madhya Pradesh, 470115, India",India,23.9139762,78.5830489,"https://www.google.com/maps?q=23.9139762,78.5830489",Budget
Naresh Yadav,Restaurant,Restaurant,Kishunpura,Madhya Pradesh,470115,,,,,multicuisine,"Naresh Yadav, NH934, Kisunpura, Kishunpura, Sagar Tahsil, Sagar, Madhya Pradesh, 470115, India",India,23.9296419,78.5470923,"https://www.google.com/maps?q=23.9296419,78.5470923",Budget
Raikwar Tea Point,Restaurant,Restaurant,Mudra Jeruwakhera,Madhya Pradesh,470115,,,,,multicuisine,"Raikwar Tea Point, SH19, Murara, Mudra Jeruwakhera, Sagar Tahsil, Sagar, Madhya Pradesh, 470115, India",India,23.974995,78.4826494,"https://www.google.com/maps?q=23.974995,78.4826494",Budget
Shiva Dhaba & Restaurent,Restaurant,Dhaba,Kishunpura,Madhya Pradesh,470115,,,,,north_indian,"Shiva Dhaba & Restaurent, NH934, Kisunpura, Kishunpura, Sagar Tahsil, Sagar, Madhya Pradesh, 470115, India",India,23.930147,78.5436571,"https://www.google.com/maps?q=23.930147,78.5436571",Budget
Raju Dhaba Rangeela Rajastan ka,Restaurant,Dhaba,Khurai,Madhya Pradesh,470115,,,,,north_indian,"Raju Dhaba Rangeela Rajastan ka, NH934, Tora, Khurai, Sagar Tahsil, Sagar, Madhya Pradesh, 470115, India",India,23.9469063,78.5161831,"https://www.google.com/maps?q=23.9469063,78.5161831",Budget
New Manohar Dairy,Restaurant,Restaurant,Mudra Jeruwakhera,Madhya Pradesh,470115,,,,,multicuisine,"New Manohar Dairy, NH934, Murara, Mudra Jeruwakhera, Sagar Tahsil, Sagar, Madhya Pradesh, 470115, India",India,23.9744973,78.4827447,"https://www.google.com/maps?q=23.9744973,78.4827447",Budget
Thakur Dhaba Sachin Thakur,Restaurant,Dhaba,Mudra Jeruwakhera,Madhya Pradesh,470115,,,,,north_indian,"Thakur Dhaba Sachin Thakur, NH934, Murara, Mudra Jeruwakhera, Sagar Tahsil, Sagar, Madhya Pradesh, 470115, India",India,23.9782682,78.4712214,"https://www.google.com/maps?q=23.9782682,78.4712214",Budget
Maharaj  Sweet's,Restaurant,Restaurant,Mudra Jeruwakhera,Madhya Pradesh,470115,,,,,multicuisine,"Maharaj  Sweet's, NH934, Murara, Mudra Jeruwakhera, Sagar Tahsil, Sagar, Madhya Pradesh, 470115, India",India,23.9804746,78.4566067,"https://www.google.com/maps?q=23.9804746,78.4566067",Budget
Parsann Bhojnalal -Banhot,Restaurant,Restaurant,Silodha,Madhya Pradesh,470117,,,,,multicuisine,"Parsann Bhojnalal -Banhot, NH934, Bamhat, Silodha, Khurai Tahsil, Sagar, Madhya Pradesh, 470117, India",India,23.9907306,78.4241802,"https://www.google.com/maps?q=23.9907306,78.4241802",Budget
Sree Radha Kishan Dhaba,Restaurant,Dhaba,Silodha,Madhya Pradesh,470117,,,,,north_indian,"Sree Radha Kishan Dhaba, NH934, Silodha, Khurai Tahsil, Sagar, Madhya Pradesh, 470117, India",India,24.0176227,78.3742894,"https://www.google.com/maps?q=24.0176227,78.3742894",Budget
Mayank Nan Baij Resntorant,Restaurant,Restaurant,Khurai,Madhya Pradesh,470117,,,,,multicuisine,"Mayank Nan Baij Resntorant, NH934, Jarwans, Khurai, Khurai Tahsil, Sagar, Madhya Pradesh, 470117, India",India,24.036562,78.3387424,"https://www.google.com/maps?q=24.036562,78.3387424",Budget
Sk Ape Spare Part,Restaurant,Restaurant,Khurai,Madhya Pradesh,470117,,,,,multicuisine,"Sk Ape Spare Part, SH62, Khurai, Khurai Tahsil, Sagar, Madhya Pradesh, 470117, India",India,24.0376155,78.3367152,"https://www.google.com/maps?q=24.0376155,78.3367152",Budget
Kanha Bakers,Restaurant,Restaurant,Khurai,Madhya Pradesh,470117,,,,,multicuisine,"Kanha Bakers, SH62, Khurai, Khurai Tahsil, Sagar, Madhya Pradesh, 470117, India",India,24.0402069,78.3326073,"https://www.google.com/maps?q=24.0402069,78.3326073",Budget
Tarun  Kushawaha,Restaurant,Restaurant,Khurai,Madhya Pradesh,470117,,,,,multicuisine,"Tarun  Kushawaha, SH62, Khurai, Khurai Tahsil, Sagar, Madhya Pradesh, 470117, India",India,24.0417594,78.3286142,"https://www.google.com/maps?q=24.0417594,78.3286142",Budget
Kanha Pani Puri,Restaurant,Restaurant,Karampur,Madhya Pradesh,470117,,,,,multicuisine,"Kanha Pani Puri, SH62, Khurai, Karampur, Khurai Tahsil, Sagar, Madhya Pradesh, 470117, India",India,24.0490116,78.3217264,"https://www.google.com/maps?q=24.0490116,78.3217264",Budget
Radhe Canten & Bekeri Center,Restaurant,Restaurant,Khurai,Madhya Pradesh,470117,,,,,multicuisine,"Radhe Canten & Bekeri Center, NH934, Jarwans, Khurai, Khurai Tahsil, Sagar, Madhya Pradesh, 470117, India",India,24.0511608,78.3187686,"https://www.google.com/maps?q=24.0511608,78.3187686",Budget
Sengar Bhojnalaya,Restaurant,Restaurant,Karampur,Madhya Pradesh,470117,,,,,multicuisine,"Sengar Bhojnalaya, SH62, Khurai, Karampur, Khurai Tahsil, Sagar, Madhya Pradesh, 470117, India",India,24.0514866,78.329912,"https://www.google.com/maps?q=24.0514866,78.329912",Budget
Patties Point,Restaurant,Restaurant,Karampur,Madhya Pradesh,470117,,,,,multicuisine,"Patties Point, SH62, Khurai, Karampur, Khurai Tahsil, Sagar, Madhya Pradesh, 470117, India",India,24.0506851,78.3298251,"https://www.google.com/maps?q=24.0506851,78.3298251",Budget
Hot Chilli Fast Food,Restaurant,Restaurant,Khurai,Madhya Pradesh,470117,,,,,multicuisine,"Hot Chilli Fast Food, SH62, Khurai, Khurai Tahsil, Sagar, Madhya Pradesh, 470117, India",India,24.0447137,78.3300833,"https://www.google.com/maps?q=24.0447137,78.3300833",Budget
Balaji Fast Food,Restaurant,Restaurant,Khurai,Madhya Pradesh,470117,,,,,multicuisine,"Balaji Fast Food, SH62, Khurai, Khurai Tahsil, Sagar, Madhya Pradesh, 470117, India",India,24.0446088,78.33091,"https://www.google.com/maps?q=24.0446088,78.33091",Budget
Up Jayka  Resteurent,Restaurant,Restaurant,Khurai,Madhya Pradesh,470117,,,,,multicuisine,"Up Jayka  Resteurent, SH62, Khurai, Khurai Tahsil, Sagar, Madhya Pradesh, 470117, India",India,24.0421447,78.3340101,"https://www.google.com/maps?q=24.0421447,78.3340101",Budget
Mahakal Family Restourent,Restaurant,Restaurant,Koha,Madhya Pradesh,470117,,,,,multicuisine,"Mahakal Family Restourent, NH934, Ghatiyari, Khurai, Koha, Khurai Tahsil, Sagar, Madhya Pradesh, 470117, India",India,24.0585871,78.3125074,"https://www.google.com/maps?q=24.0585871,78.3125074",Budget
Milan Family Restourant,Restaurant,Restaurant,Koha,Madhya Pradesh,470117,,,,,multicuisine,"Milan Family Restourant, NH934, Ghatiyari, Nirtala, Koha, Khurai Tahsil, Sagar, Madhya Pradesh, 470117, India",India,24.0690515,78.3001406,"https://www.google.com/maps?q=24.0690515,78.3001406",Budget
Bhavya Resort,Restaurant,Resort Restaurant,Hingti,Madhya Pradesh,470113,,,,,multicuisine,"Bhavya Resort, NH934, Ghatiyari, Hiranchhipa, Hingti, Bina Tahsil, Sagar, Madhya Pradesh, 470113, India",India,24.1650353,78.2198976,"https://www.google.com/maps?q=24.1650353,78.2198976",Budget
Royal Resraurant...........,Restaurant,Restaurant,Koha,Madhya Pradesh,470113,,,,,multicuisine,"Royal Resraurant..........., NH934, Ghatiyari, Etawa, Koha, Bina Tahsil, Sagar, Madhya Pradesh, 470113, India",India,24.1794567,78.209408,"https://www.google.com/maps?q=24.1794567,78.209408",Budget
Satkar Dhaba Kaithoriya Brothers,Restaurant,Dhaba,Koha,Madhya Pradesh,470113,,,,,north_indian,"Satkar Dhaba Kaithoriya Brothers, NH934, Ghatiyari, Hiranchhipa, Koha, Bina Tahsil, Sagar, Madhya Pradesh, 470113, India",India,24.1715197,78.21522,"https://www.google.com/maps?q=24.1715197,78.21522",Budget
Jain Family Resntra,Restaurant,Restaurant,Koha,Madhya Pradesh,470113,,,,,multicuisine,"Jain Family Resntra, NH934, Ghatiyari, Hiranchhipa, Koha, Bina Tahsil, Sagar, Madhya Pradesh, 470113, India",India,24.1693655,78.2163592,"https://www.google.com/maps?q=24.1693655,78.2163592",Budget
Royal Restourat,Restaurant,Restaurant,Koha,Madhya Pradesh,470113,,,,,multicuisine,"Royal Restourat, NH934, Ghatiyari, Hiranchhipa, Koha, Bina Tahsil, Sagar, Madhya Pradesh, 470113, India",India,24.1710276,78.2151378,"https://www.google.com/maps?q=24.1710276,78.2151378",Budget
Hotel Kalash,Restaurant,Hotel Restaurant,Koha,Madhya Pradesh,470113,,,,,multicuisine,"Hotel Kalash, NH934, Ghatiyari, Etawa, Koha, Bina Tahsil, Sagar, Madhya Pradesh, 470113, India",India,24.1782281,78.2106407,"https://www.google.com/maps?q=24.1782281,78.2106407",Budget
Shimla Sweets,Restaurant,Restaurant,Bina Etawa,Madhya Pradesh,470113,,,,,multicuisine,"Shimla Sweets, NH934, Ghatiyari, Etawa, Bina Etawa, Bina Tahsil, Sagar, Madhya Pradesh, 470113, India",India,24.1845361,78.2048408,"https://www.google.com/maps?q=24.1845361,78.2048408",Budget
Shree Nath Paw Bhaji Center,Restaurant,Restaurant,Bina Etawa,Madhya Pradesh,470113,,,,,multicuisine,"Shree Nath Paw Bhaji Center, SH61, Etawa, Bina Etawa, Bina Tahsil, Sagar, Madhya Pradesh, 470113, India",India,24.1836619,78.2033211,"https://www.google.com/maps?q=24.1836619,78.2033211",Budget
Rajhans Sweets Bina Itawa,Restaurant,Restaurant,Bina Etawa,Madhya Pradesh,470113,,,,,multicuisine,"Rajhans Sweets Bina Itawa, SH61, Etawa, Bina Etawa, Bina Tahsil, Sagar, Madhya Pradesh, 470113, India",India,24.1847803,78.2045908,"https://www.google.com/maps?q=24.1847803,78.2045908",Budget
Sujit Claudius,Restaurant,Restaurant,Bina Etawa,Madhya Pradesh,470113,,,,,multicuisine,"Sujit Claudius, SH61, Etawa, Bina Etawa, Bina Tahsil, Sagar, Madhya Pradesh, 470113, India",India,24.1843324,78.2044613,"https://www.google.com/maps?q=24.1843324,78.2044613",Budget
Shri  Natraj Food Park,Restaurant,Restaurant,Bina Etawa,Madhya Pradesh,470113,,,,,multicuisine,"Shri  Natraj Food Park, SH61, Etawa, Bina Etawa, Bina Tahsil, Sagar, Madhya Pradesh, 470113, India",India,24.1825234,78.2021671,"https://www.google.com/maps?q=24.1825234,78.2021671",Budget
Jhansi Beg Biryani,Restaurant,Restaurant,Bina Etawa,Madhya Pradesh,470113,,,,,multicuisine,"Jhansi Beg Biryani, SH61, Etawa, Bina Etawa, Bina Tahsil, Sagar, Madhya Pradesh, 470113, India",India,24.1796744,78.1978708,"https://www.google.com/maps?q=24.1796744,78.1978708",Budget
Bikanermisthan Bhandar,Restaurant,Restaurant,Bina Etawa,Madhya Pradesh,470113,,,,,multicuisine,"Bikanermisthan Bhandar, SH61, Etawa, Bina Etawa, Bina Tahsil, Sagar, Madhya Pradesh, 470113, India",India,24.1804483,78.1986998,"https://www.google.com/maps?q=24.1804483,78.1986998",Budget
New Punjab Hotel,Restaurant,Hotel Restaurant,Bina Etawa,Madhya Pradesh,470113,,,,,multicuisine,"New Punjab Hotel, SH61, Etawa, Bina Etawa, Bina Tahsil, Sagar, Madhya Pradesh, 470113, India",India,24.1682462,78.1874238,"https://www.google.com/maps?q=24.1682462,78.1874238",Budget
Hotel Adarash Bhojnalay,Restaurant,Hotel Restaurant,Bina Etawa,Madhya Pradesh,470113,,,,,multicuisine,"Hotel Adarash Bhojnalay, SH61, Etawa, Bina Etawa, Bina Tahsil, Sagar, Madhya Pradesh, 470113, India",India,24.1681259,78.1873372,"https://www.google.com/maps?q=24.1681259,78.1873372",Budget
Laxmi Bhojnalaye,Restaurant,Restaurant,Bina Etawa,Madhya Pradesh,470113,,,,,multicuisine,"Laxmi Bhojnalaye, SH61, Etawa, Bina Etawa, Bina Tahsil, Sagar, Madhya Pradesh, 470113, India",India,24.167798,78.18743,"https://www.google.com/maps?q=24.167798,78.18743",Budget
Jain Shree Fast Food,Restaurant,Restaurant,Bina Etawa,Madhya Pradesh,470113,,,,,multicuisine,"Jain Shree Fast Food, SH61, Etawa, Bina Etawa, Bina Tahsil, Sagar, Madhya Pradesh, 470113, India",India,24.1668744,78.1876924,"https://www.google.com/maps?q=24.1668744,78.1876924",Budget
Kapil Misthan  Bhandar,Restaurant,Restaurant,Bina Etawa,Madhya Pradesh,470113,,,,,multicuisine,"Kapil Misthan  Bhandar, SH11, Etawa, Bina Etawa, Bina Tahsil, Sagar, Madhya Pradesh, 470113, India",India,24.1906514,78.2056036,"https://www.google.com/maps?q=24.1906514,78.2056036",Budget
Ram Babu Lce Cream,Restaurant,Restaurant,Bina Etawa,Madhya Pradesh,470113,,,,,multicuisine,"Ram Babu Lce Cream, SH11, Etawa, Bina Etawa, Bina Tahsil, Sagar, Madhya Pradesh, 470113, India",India,24.1910379,78.2054763,"https://www.google.com/maps?q=24.1910379,78.2054763",Budget
Krishna Marriage Garden,Restaurant,Restaurant,Kirbida,Madhya Pradesh,470113,,,,,multicuisine,"Krishna Marriage Garden, SH61, Sabdha, Kirbida, Bina Tahsil, Sagar, Madhya Pradesh, 470113, India",India,24.1800123,78.186534,"https://www.google.com/maps?q=24.1800123,78.186534",Budget
Mahaveer Mistan Bhandar,Restaurant,Restaurant,Bina Etawa,Madhya Pradesh,470113,,,,,multicuisine,"Mahaveer Mistan Bhandar, SH11, Etawa, Bina Etawa, Bina Tahsil, Sagar, Madhya Pradesh, 470113, India",India,24.1873952,78.2074103,"https://www.google.com/maps?q=24.1873952,78.2074103",Budget
Tirupati Fast Food,Restaurant,Restaurant,Bina Etawa,Madhya Pradesh,470113,,,,,multicuisine,"Tirupati Fast Food, SH11, Etawa, Bina Etawa, Bina Tahsil, Sagar, Madhya Pradesh, 470113, India",India,24.1886583,78.2072564,"https://www.google.com/maps?q=24.1886583,78.2072564",Budget
Mahaveer Kirana Bhandar,Restaurant,Restaurant,Bina Etawa,Madhya Pradesh,470113,,,,,multicuisine,"Mahaveer Kirana Bhandar, SH11, Etawa, Bina Etawa, Bina Tahsil, Sagar, Madhya Pradesh, 470113, India",India,24.1906866,78.2061587,"https://www.google.com/maps?q=24.1906866,78.2061587",Budget
Dana Pani,Restaurant,Restaurant,Bina Etawa,Madhya Pradesh,470113,,,,,multicuisine,"Dana Pani, SH61, Etawa, Bina Etawa, Bina Tahsil, Sagar, Madhya Pradesh, 470113, India",India,24.1877812,78.2096914,"https://www.google.com/maps?q=24.1877812,78.2096914",Budget
Bina Highway Family Restaurant,Restaurant,Restaurant,Khimlasa,Madhya Pradesh,470118,,,,,indian,"Bina Highway Family Restaurant, SH61, Mala, Khimlasa, Khurai Tahsil, Sagar, Madhya Pradesh, 470118, India",India,24.2104491,78.3234388,"https://www.google.com/maps?q=24.2104491,78.3234388",Budget
Dinesh Hotel,Restaurant,Hotel Restaurant,Karampur,Madhya Pradesh,470118,,,,,multicuisine,"Dinesh Hotel, SH62, Khimlasa, Karampur, Khurai Tahsil, Sagar, Madhya Pradesh, 470118, India",India,24.2028883,78.3633559,"https://www.google.com/maps?q=24.2028883,78.3633559",Budget
Khimlasa Pankaj  Chinese,Restaurant,Restaurant,Khimlasa,Madhya Pradesh,470118,,,,,chinese,"Khimlasa Pankaj  Chinese, SH61, Khimlasa, Khurai Tahsil, Sagar, Madhya Pradesh, 470118, India",India,24.2032916,78.3634289,"https://www.google.com/maps?q=24.2032916,78.3634289",Budget
Nema Chat Center,Restaurant,Restaurant,Gadholi Jawahar,Madhya Pradesh,470118,,,,,multicuisine,"Nema Chat Center, SH61, Khimlasa, Gadholi Jawahar, Khurai Tahsil, Sagar, Madhya Pradesh, 470118, India",India,24.2036004,78.363462,"https://www.google.com/maps?q=24.2036004,78.363462",Budget
Bundelkhand Daba Pathariaya,Restaurant,Restaurant,Karampur,Madhya Pradesh,470117,,,,,multicuisine,"Bundelkhand Daba Pathariaya, SH62, Pathariyabodha, Karampur, Khurai Tahsil, Sagar, Madhya Pradesh, 470117, India",India,24.1617236,78.3589176,"https://www.google.com/maps?q=24.1617236,78.3589176",Budget
Jadu Fast Food,Restaurant,Restaurant,Patharia Bodha,Madhya Pradesh,470117,,,,,multicuisine,"Jadu Fast Food, SH62, Pathariyajagan, Patharia Bodha, Khurai Tahsil, Sagar, Madhya Pradesh, 470117, India",India,24.1658341,78.3617729,"https://www.google.com/maps?q=24.1658341,78.3617729",Budget
Rajput Bhojnalay,Restaurant,Restaurant,Karampur,Madhya Pradesh,470118,,,,,multicuisine,"Rajput Bhojnalay, SH62, Pathariyajagan, Karampur, Khurai Tahsil, Sagar, Madhya Pradesh, 470118, India",India,24.1589769,78.3577724,"https://www.google.com/maps?q=24.1589769,78.3577724",Budget
Sai Restaurent,Restaurant,Restaurant,Karampur,Madhya Pradesh,470117,,,,,multicuisine,"Sai Restaurent, SH62, Mohali Buzurg, Karampur, Khurai Tahsil, Sagar, Madhya Pradesh, 470117, India",India,24.0722038,78.3318046,"https://www.google.com/maps?q=24.0722038,78.3318046",Budget
Thrayambakeraj Restaurent,Restaurant,Restaurant,Sagar,Madhya Pradesh,470002,,,,,multicuisine,"Thrayambakeraj Restaurent, NH934, Sagar, Sagar Nagar Tahsil, Sagar, Madhya Pradesh, 470002, India",India,23.8497322,78.740674,"https://www.google.com/maps?q=23.8497322,78.740674",Budget
Jay Shree Fruts,Restaurant,Restaurant,Sagar,Madhya Pradesh,470002,,,,,multicuisine,"Jay Shree Fruts, MD1920, Sagar, Sagar Nagar Tahsil, Sagar, Madhya Pradesh, 470002, India",India,23.8520708,78.7404062,"https://www.google.com/maps?q=23.8520708,78.7404062",Budget
Decvke Cream Parlour,Restaurant,Restaurant,Sagar,Madhya Pradesh,470002,,,,,multicuisine,"Decvke Cream Parlour, MD1920, Sagar, Sagar Nagar Tahsil, Sagar, Madhya Pradesh, 470002, India",India,23.8532966,78.7407374,"https://www.google.com/maps?q=23.8532966,78.7407374",Budget
Prakash Pan Masala,Restaurant,Restaurant,Sagar,Madhya Pradesh,470002,,,,,multicuisine,"Prakash Pan Masala, MD1920, Sagar, Sagar Nagar Tahsil, Sagar, Madhya Pradesh, 470002, India",India,23.8551428,78.7399627,"https://www.google.com/maps?q=23.8551428,78.7399627",Budget
Aisa Hotel,Restaurant,Hotel Restaurant,Sagar,Madhya Pradesh,470002,,,,,multicuisine,"Aisa Hotel, MD1920, Sagar, Sagar Nagar Tahsil, Sagar, Madhya Pradesh, 470002, India",India,23.8553589,78.7394915,"https://www.google.com/maps?q=23.8553589,78.7394915",Budget
The Panjabi  B. R.& Rastaurant,Restaurant,Restaurant,Sagar,Madhya Pradesh,470002,,,,,multicuisine,"The Panjabi  B. R.& Rastaurant, NH934, Sagar, Sagar Nagar Tahsil, Sagar, Madhya Pradesh, 470002, India",India,23.8505081,78.7432051,"https://www.google.com/maps?q=23.8505081,78.7432051",Budget
Garg Tiffin Centre,Restaurant,Restaurant,Sagar,Madhya Pradesh,470002,,,,,multicuisine,"Garg Tiffin Centre, NH934, Sagar, Sagar Nagar Tahsil, Sagar, Madhya Pradesh, 470002, India",India,23.8496581,78.7425969,"https://www.google.com/maps?q=23.8496581,78.7425969",Budget
Subham Bhojnalay,Restaurant,Restaurant,Sagar,Madhya Pradesh,470002,,,,,multicuisine,"Subham Bhojnalay, NH934, Sagar, Sagar Nagar Tahsil, Sagar, Madhya Pradesh, 470002, India",India,23.8480987,78.7424107,"https://www.google.com/maps?q=23.8480987,78.7424107",Budget
Sita Ki Rasoi,Restaurant,Restaurant,Sagar,Madhya Pradesh,470002,,,,,multicuisine,"Sita Ki Rasoi, NH934, Sagar, Sagar Nagar Tahsil, Sagar, Madhya Pradesh, 470002, India",India,23.8482465,78.7429107,"https://www.google.com/maps?q=23.8482465,78.7429107",Budget
The Chintoos Restaurant,Restaurant,Restaurant,Sagar,Madhya Pradesh,470002,,,,,indian,"The Chintoos Restaurant, NH934, Sagar, Sagar Nagar Tahsil, Sagar, Madhya Pradesh, 470002, India",India,23.8484698,78.7423928,"https://www.google.com/maps?q=23.8484698,78.7423928",Budget
Shri Shai Restaurant,Restaurant,Restaurant,Sagar,Madhya Pradesh,470002,,,,,indian,"Shri Shai Restaurant, NH934, Sagar, Sagar Nagar Tahsil, Sagar, Madhya Pradesh, 470002, India",India,23.8483332,78.743297,"https://www.google.com/maps?q=23.8483332,78.743297",Budget
Rouddhr Hotel,Restaurant,Hotel Restaurant,Sagar,Madhya Pradesh,470002,,,,,multicuisine,"Rouddhr Hotel, NH934, Sagar, Sagar Nagar Tahsil, Sagar, Madhya Pradesh, 470002, India",India,23.8486892,78.7443746,"https://www.google.com/maps?q=23.8486892,78.7443746",Budget
Krishna Fast Food Center,Restaurant,Restaurant,Sagar,Madhya Pradesh,470001,,,,,multicuisine,"Krishna Fast Food Center, NH934, Sagar, Sagar Nagar Tahsil, Sagar, Madhya Pradesh, 470001, India",India,23.8491464,78.7397046,"https://www.google.com/maps?q=23.8491464,78.7397046",Budget
The Bakery Hut,Restaurant,Restaurant,Sagar,Madhya Pradesh,470002,,,,,multicuisine,"The Bakery Hut, NH934, Sagar, Sagar Nagar Tahsil, Sagar, Madhya Pradesh, 470002, India",India,23.8483938,78.7383505,"https://www.google.com/maps?q=23.8483938,78.7383505",Budget
Aashish Chicken Shop,Restaurant,Restaurant,Sagar,Madhya Pradesh,470002,,,,,fast_food,"Aashish Chicken Shop, NH934, Sagar, Sagar Nagar Tahsil, Sagar, Madhya Pradesh, 470002, India",India,23.8486418,78.7377359,"https://www.google.com/maps?q=23.8486418,78.7377359",Budget
Kabir Dhaba,Restaurant,Dhaba,Sagar,Madhya Pradesh,470002,,,,,north_indian,"Kabir Dhaba, NH146, Bhainsa, Sagar, Sagar Nagar Tahsil, Sagar, Madhya Pradesh, 470002, India",India,23.8667983,78.7277472,"https://www.google.com/maps?q=23.8667983,78.7277472",Budget
Shree Dev Gourisankar  Nasta & Bhojnalya,Restaurant,Restaurant,Sagar,Madhya Pradesh,470002,,,,,multicuisine,"Shree Dev Gourisankar  Nasta & Bhojnalya, NH146, Bhainsa, Sagar, Sagar Nagar Tahsil, Sagar, Madhya Pradesh, 470002, India",India,23.8643334,78.7213767,"https://www.google.com/maps?q=23.8643334,78.7213767",Budget
Shri Bholenath Nasta Chat Bhandir,Restaurant,Restaurant,Garhpahra,Madhya Pradesh,470115,,,,,multicuisine,"Shri Bholenath Nasta Chat Bhandir, NH146, Kurari, Garhpahra, Sagar Tahsil, Sagar, Madhya Pradesh, 470115, India",India,23.8992827,78.7245619,"https://www.google.com/maps?q=23.8992827,78.7245619",Budget
Raghav Dhaba,Restaurant,Dhaba,Rusalia,Madhya Pradesh,470001,,,,,north_indian,"Raghav Dhaba, NH44, Rusalla, Rusalia, Sagar Tahsil, Sagar, Madhya Pradesh, 470001, India",India,23.889541,78.8128045,"https://www.google.com/maps?q=23.889541,78.8128045",Budget
Pathway Retreat Resort,Restaurant,Resort Restaurant,Rusalia,Madhya Pradesh,470001,,,,,multicuisine,"Pathway Retreat Resort, NH44, Rusalla, Rusalia, Sagar Tahsil, Sagar, Madhya Pradesh, 470001, India",India,23.8914928,78.8160904,"https://www.google.com/maps?q=23.8914928,78.8160904",Budget
Saurabh Dhaba,Restaurant,Dhaba,Rusalia,Madhya Pradesh,470004,,,,,north_indian,"Saurabh Dhaba, NH44, Rusalla, Rusalia, Sagar Tahsil, Sagar, Madhya Pradesh, 470004, India",India,23.8889382,78.8128159,"https://www.google.com/maps?q=23.8889382,78.8128159",Budget
Satyam Dhaba,Restaurant,Dhaba,Bamora,Madhya Pradesh,470021,,,,,north_indian,"Satyam Dhaba, NH44, Barkhera, Bamora, Sagar Tahsil, Sagar, Madhya Pradesh, 470021, India",India,23.8830895,78.8028329,"https://www.google.com/maps?q=23.8830895,78.8028329",Budget
The Highway Hub,Restaurant,Restaurant,Rusalia,Madhya Pradesh,470002,,,,,multicuisine,"The Highway Hub, NH44, Barkhera, Rusalia, Sagar Tahsil, Sagar, Madhya Pradesh, 470002, India",India,23.8816631,78.7980712,"https://www.google.com/maps?q=23.8816631,78.7980712",Budget
Munmun Dhaba & Famli Restaurant,Restaurant,Dhaba,Garhpahra,Madhya Pradesh,470001,,,,,indian,"Munmun Dhaba & Famli Restaurant, NH44, Bachhlon, Garhpahra, Sagar Tahsil, Sagar, Madhya Pradesh, 470001, India",India,23.8867771,78.783743,"https://www.google.com/maps?q=23.8867771,78.783743",Budget
Hari Har Restaurant,Restaurant,Restaurant,Garhpahra,Madhya Pradesh,470001,,,,,indian,"Hari Har Restaurant, NH44, Barkhera, Garhpahra, Sagar Tahsil, Sagar, Madhya Pradesh, 470001, India",India,23.8843184,78.7877981,"https://www.google.com/maps?q=23.8843184,78.7877981",Budget
Piace For Pure  Vegetarian Food &................,Restaurant,Restaurant,Garhpahra,Madhya Pradesh,470001,,,,,multicuisine,"Piace For Pure  Vegetarian Food &................, NH44, Bachhlon, Garhpahra, Sagar Tahsil, Sagar, Madhya Pradesh, 470001, India",India,23.8914393,78.7715031,"https://www.google.com/maps?q=23.8914393,78.7715031",Budget
Maa Hari Dhaba & Restaurant,Restaurant,Dhaba,Garhpahra,Madhya Pradesh,470115,,,,,indian,"Maa Hari Dhaba & Restaurant, NH44, Richhora, Garhpahra, Sagar Tahsil, Sagar, Madhya Pradesh, 470115, India",India,23.9178592,78.7363496,"https://www.google.com/maps?q=23.9178592,78.7363496",Budget
Manoj Dhaba & Tayar Sarbis,Restaurant,Dhaba,Garhpahra,Madhya Pradesh,470115,,,,,north_indian,"Manoj Dhaba & Tayar Sarbis, NH44, Richhora, Garhpahra, Sagar Tahsil, Sagar, Madhya Pradesh, 470115, India",India,23.9168244,78.7370546,"https://www.google.com/maps?q=23.9168244,78.7370546",Budget
Vaishnav Dhaba & Family Rastaurant,Restaurant,Dhaba,Garhpahra,Madhya Pradesh,470115,,,,,north_indian,"Vaishnav Dhaba & Family Rastaurant, NH44, Richhora, Garhpahra, Sagar Tahsil, Sagar, Madhya Pradesh, 470115, India",India,23.9173605,78.7383418,"https://www.google.com/maps?q=23.9173605,78.7383418",Budget
Samrat Dhaba,Restaurant,Dhaba,Garhpahra,Madhya Pradesh,470115,,,,,north_indian,"Samrat Dhaba, NH44, Richhora, Garhpahra, Sagar Tahsil, Sagar, Madhya Pradesh, 470115, India",India,23.9124978,78.7504106,"https://www.google.com/maps?q=23.9124978,78.7504106",Budget
Fauji Dhaba,Restaurant,Dhaba,Ranipura,Madhya Pradesh,470115,,,,,north_indian,"Fauji Dhaba, NH44, Garhpahra, Ranipura, Sagar Tahsil, Sagar, Madhya Pradesh, 470115, India",India,23.9191464,78.7133039,"https://www.google.com/maps?q=23.9191464,78.7133039",Budget
Rajasthani Mahadev Raika Dhaba &Re........,Restaurant,Dhaba,Garhpahra,Madhya Pradesh,470115,,,,,north_indian,"Rajasthani Mahadev Raika Dhaba &Re........, NH44, Garhpahra, Sagar Tahsil, Sagar, Madhya Pradesh, 470115, India",India,23.9190075,78.7209549,"https://www.google.com/maps?q=23.9190075,78.7209549",Budget
Radhe Tea Point & Refreshments,Restaurant,Restaurant,Ranipura,Madhya Pradesh,470115,,,,,multicuisine,"Radhe Tea Point & Refreshments, NH44, Ranipura, Sagar Tahsil, Sagar, Madhya Pradesh, 470115, India",India,23.9271507,78.6969046,"https://www.google.com/maps?q=23.9271507,78.6969046",Budget
Jai Yadav Dhaba,Restaurant,Dhaba,Ranipura,Madhya Pradesh,470115,,,,,north_indian,"Jai Yadav Dhaba, NH44, Ranipura, Sagar Tahsil, Sagar, Madhya Pradesh, 470115, India",India,23.9254091,78.6989213,"https://www.google.com/maps?q=23.9254091,78.6989213",Budget
Patalganga Picnic Spot & Resort,Restaurant,Resort Restaurant,Khajuriya Guru,Madhya Pradesh,470115,,,,,multicuisine,"Patalganga Picnic Spot & Resort, NH44, Khajhuriya Guru, Khajuriya Guru, Sagar Tahsil, Sagar, Madhya Pradesh, 470115, India",India,23.938818,78.6864854,"https://www.google.com/maps?q=23.938818,78.6864854",Budget
Ganga Sagar Restaurant,Restaurant,Restaurant,Ranipura,Madhya Pradesh,470115,,,,,indian,"Ganga Sagar Restaurant, NH44, Khajhuriya Guru, Ranipura, Sagar Tahsil, Sagar, Madhya Pradesh, 470115, India",India,23.941296,78.6850737,"https://www.google.com/maps?q=23.941296,78.6850737",Budget
Krah Sarkar Dhaba & F.R......,Restaurant,Dhaba,Mothi,Madhya Pradesh,470115,,,,,north_indian,"Krah Sarkar Dhaba & F.R......, NH44, Mothi, Sagar Tahsil, Sagar, Madhya Pradesh, 470115, India",India,23.9494227,78.6801246,"https://www.google.com/maps?q=23.9494227,78.6801246",Budget
Prince Yadav Dhaba,Restaurant,Dhaba,Mothi,Madhya Pradesh,470115,,,,,north_indian,"Prince Yadav Dhaba, NH44, Mothi, Sagar Tahsil, Sagar, Madhya Pradesh, 470115, India",India,23.9509557,78.6801171,"https://www.google.com/maps?q=23.9509557,78.6801171",Budget
Netram Nasra,Restaurant,Restaurant,Mothi,Madhya Pradesh,470115,,,,,multicuisine,"Netram Nasra, NH44, Mothi, Sagar Tahsil, Sagar, Madhya Pradesh, 470115, India",India,23.9598515,78.6775522,"https://www.google.com/maps?q=23.9598515,78.6775522",Budget
Dubay Dhaba,Restaurant,Dhaba,Mehar,Madhya Pradesh,470442,,,,,north_indian,"Dubay Dhaba, NH44, Mehar, Sagar Tahsil, Sagar, Madhya Pradesh, 470442, India",India,23.9929252,78.6565337,"https://www.google.com/maps?q=23.9929252,78.6565337",Budget
Vibek Rai,Restaurant,Restaurant,Mehar,Madhya Pradesh,470442,,,,,multicuisine,"Vibek Rai, NH44, Mehar, Sagar Tahsil, Sagar, Madhya Pradesh, 470442, India",India,23.9881045,78.6597485,"https://www.google.com/maps?q=23.9881045,78.6597485",Budget
Rouddrax Dhaba,Restaurant,Dhaba,Atatila,Madhya Pradesh,470442,,,,,north_indian,"Rouddrax Dhaba, NH44, Bandri, Atatila, Malthon Tahsil, Sagar, Madhya Pradesh, 470442, India",India,24.0168759,78.6450815,"https://www.google.com/maps?q=24.0168759,78.6450815",Budget
Ramraj Singh Mahdele,Restaurant,Restaurant,Mehar,Madhya Pradesh,470442,,,,,multicuisine,"Ramraj Singh Mahdele, NH44, Mehar, Sagar Tahsil, Sagar, Madhya Pradesh, 470442, India",India,23.9918966,78.6572311,"https://www.google.com/maps?q=23.9918966,78.6572311",Budget
Siddharth  Yadav,Restaurant,Restaurant,Mehar,Madhya Pradesh,470442,,,,,multicuisine,"Siddharth  Yadav, NH44, Mehar, Sagar Tahsil, Sagar, Madhya Pradesh, 470442, India",India,23.987775,78.6596612,"https://www.google.com/maps?q=23.987775,78.6596612",Budget
Shri Siddh Daba,Restaurant,Restaurant,Bandri,Madhya Pradesh,470442,,,,,multicuisine,"Shri Siddh Daba, NH44, Bandri, Malthon Tahsil, Sagar, Madhya Pradesh, 470442, India",India,24.0253785,78.6399759,"https://www.google.com/maps?q=24.0253785,78.6399759",Budget
Om Dhaba,Restaurant,Dhaba,Atatila,Madhya Pradesh,470442,,,,,north_indian,"Om Dhaba, NH44, Bandri, Atatila, Malthon Tahsil, Sagar, Madhya Pradesh, 470442, India",India,24.0213409,78.6425185,"https://www.google.com/maps?q=24.0213409,78.6425185",Budget
Krishna Sweet,Restaurant,Restaurant,Pahargawan,Madhya Pradesh,470442,,,,,multicuisine,"Krishna Sweet, SH19, Bandri, Pahargawan, Malthon Tahsil, Sagar, Madhya Pradesh, 470442, India",India,24.0418025,78.6323647,"https://www.google.com/maps?q=24.0418025,78.6323647",Budget
Raikvar bhava,Restaurant,Restaurant,Bandri,Madhya Pradesh,470442,,,,,multicuisine,"Raikvar bhava, SH19, Semrajadip, Bandri, Malthon Tahsil, Sagar, Madhya Pradesh, 470442, India",India,24.0481726,78.6298555,"https://www.google.com/maps?q=24.0481726,78.6298555",Budget
Irshad Ali  Chicken Shop,Restaurant,Restaurant,Girant,Madhya Pradesh,470442,,,,,fast_food,"Irshad Ali  Chicken Shop, NH44, Bandri, Girant, Malthon Tahsil, Sagar, Madhya Pradesh, 470442, India",India,24.0508456,78.6301419,"https://www.google.com/maps?q=24.0508456,78.6301419",Budget
Mama Bhanje Chicken Centre,Restaurant,Restaurant,Girant,Madhya Pradesh,470442,,,,,fast_food,"Mama Bhanje Chicken Centre, NH44, Bandri, Girant, Malthon Tahsil, Sagar, Madhya Pradesh, 470442, India",India,24.0511329,78.6306792,"https://www.google.com/maps?q=24.0511329,78.6306792",Budget
Jain dhaba,Restaurant,Dhaba,Girant,Madhya Pradesh,470442,,,,,north_indian,"Jain dhaba, NH44, Bandri, Girant, Malthon Tahsil, Sagar, Madhya Pradesh, 470442, India",India,24.0523132,78.6298476,"https://www.google.com/maps?q=24.0523132,78.6298476",Budget
Sourabh Dhaba,Restaurant,Dhaba,Girant,Madhya Pradesh,470442,,,,,north_indian,"Sourabh Dhaba, NH44, Bandri, Girant, Malthon Tahsil, Sagar, Madhya Pradesh, 470442, India",India,24.053244,78.6302412,"https://www.google.com/maps?q=24.053244,78.6302412",Budget
GFC Food junction,Restaurant,Restaurant,Girant,Madhya Pradesh,470442,,,,,multicuisine,"GFC Food junction, NH44, Jhikni, Girant, Malthon Tahsil, Sagar, Madhya Pradesh, 470442, India",India,24.0816731,78.613718,"https://www.google.com/maps?q=24.0816731,78.613718",Budget
MahrajaDhaba,Restaurant,Dhaba,Girant,Madhya Pradesh,470442,,,,,north_indian,"MahrajaDhaba, NH44, Jhikni, Girant, Malthon Tahsil, Sagar, Madhya Pradesh, 470442, India",India,24.0786736,78.6171436,"https://www.google.com/maps?q=24.0786736,78.6171436",Budget
Deexha Hotel,Restaurant,Hotel Restaurant,Pahargawan,Madhya Pradesh,470442,,,,,multicuisine,"Deexha Hotel, SH19, Bandri, Pahargawan, Malthon Tahsil, Sagar, Madhya Pradesh, 470442, India",India,24.0431393,78.6373255,"https://www.google.com/maps?q=24.0431393,78.6373255",Budget
Abhi Zun Zun Wala,Restaurant,Restaurant,Pahargawan,Madhya Pradesh,470442,,,,,multicuisine,"Abhi Zun Zun Wala, SH19, Bandri, Pahargawan, Malthon Tahsil, Sagar, Madhya Pradesh, 470442, India",India,24.0423968,78.6366702,"https://www.google.com/maps?q=24.0423968,78.6366702",Budget
Mahendra Fooo,Restaurant,Restaurant,Pahargawan,Madhya Pradesh,470442,,,,,multicuisine,"Mahendra Fooo, SH19, Bandri, Pahargawan, Malthon Tahsil, Sagar, Madhya Pradesh, 470442, India",India,24.0430512,78.6328847,"https://www.google.com/maps?q=24.0430512,78.6328847",Budget
Monu Food Company,Restaurant,Restaurant,Pahargawan,Madhya Pradesh,470442,,,,,multicuisine,"Monu Food Company, SH19, Bandri, Pahargawan, Malthon Tahsil, Sagar, Madhya Pradesh, 470442, India",India,24.042936,78.6321381,"https://www.google.com/maps?q=24.042936,78.6321381",Budget
Yadav Dhaba &restaurant`s,Restaurant,Dhaba,Bandri,Madhya Pradesh,470422,,,,,indian,"Yadav Dhaba &restaurant`s, NH44, Bandri, Malthon Tahsil, Sagar, Madhya Pradesh, 470422, India",India,24.0473703,78.6372504,"https://www.google.com/maps?q=24.0473703,78.6372504",Budget
Lucky & Abhash dhava,Restaurant,Restaurant,Girant,Madhya Pradesh,470442,,,,,multicuisine,"Lucky & Abhash dhava, NH44, Palirayatwari, Girant, Malthon Tahsil, Sagar, Madhya Pradesh, 470442, India",India,24.0994187,78.6004868,"https://www.google.com/maps?q=24.0994187,78.6004868",Budget
Family Restaurant,Restaurant,Restaurant,Girant,Madhya Pradesh,470442,,,,,indian,"Family Restaurant, NH44, Palirayatwari, Girant, Malthon Tahsil, Sagar, Madhya Pradesh, 470442, India",India,24.1000182,78.6010996,"https://www.google.com/maps?q=24.1000182,78.6010996",Budget
Thakur Dhaba & Restaurant  Dhaba,Restaurant,Dhaba,Bandri,Madhya Pradesh,470442,,,,,indian,"Thakur Dhaba & Restaurant  Dhaba, NH44, Bandri, Malthon Tahsil, Sagar, Madhya Pradesh, 470442, India",India,24.0486596,78.6338087,"https://www.google.com/maps?q=24.0486596,78.6338087",Budget
Allu Dhaba,Restaurant,Dhaba,Girant,Madhya Pradesh,470442,,,,,north_indian,"Allu Dhaba, NH44, Bisraha, Girant, Malthon Tahsil, Sagar, Madhya Pradesh, 470442, India",India,24.1333454,78.6043594,"https://www.google.com/maps?q=24.1333454,78.6043594",Budget
Khushi  Dhaba,Restaurant,Dhaba,Girant,Madhya Pradesh,470442,,,,,north_indian,"Khushi  Dhaba, NH44, Rajawa, Girant, Malthon Tahsil, Sagar, Madhya Pradesh, 470442, India",India,24.1247344,78.6088581,"https://www.google.com/maps?q=24.1247344,78.6088581",Budget
Deepak Lambardar Dhaba,Restaurant,Bar & Restaurant,Girant,Madhya Pradesh,470442,,,,,north_indian,"Deepak Lambardar Dhaba, NH44, Bisraha, Girant, Malthon Tahsil, Sagar, Madhya Pradesh, 470442, India",India,24.1364401,78.6041853,"https://www.google.com/maps?q=24.1364401,78.6041853",Budget
Hotel jain Shri Dhaba & Family R........,Restaurant,Dhaba,Barodiya,Madhya Pradesh,470441,,,,,north_indian,"Hotel jain Shri Dhaba & Family R........, NH44, Barodiya Kalan, Barodiya, Malthon Tahsil, Sagar, Madhya Pradesh, 470441, India",India,24.2004668,78.5835991,"https://www.google.com/maps?q=24.2004668,78.5835991",Budget
Chandan Chickin  Shop,Restaurant,Restaurant,Barodiya,Madhya Pradesh,470441,,,,,multicuisine,"Chandan Chickin  Shop, MD1914, Barodiya Kalan, Barodiya, Malthon Tahsil, Sagar, Madhya Pradesh, 470441, India",India,24.2055215,78.5803545,"https://www.google.com/maps?q=24.2055215,78.5803545",Budget
You Restaurant,Restaurant,Restaurant,Barodiya Kalan,Madhya Pradesh,470441,,,,,indian,"You Restaurant, NH44, Barodiya Kalan, Malthon Tahsil, Sagar, Madhya Pradesh, 470441, India",India,24.1767928,78.5920409,"https://www.google.com/maps?q=24.1767928,78.5920409",Budget
Yadav Dhaba,Restaurant,Dhaba,Barodiya Kalan,Madhya Pradesh,470441,,,,,north_indian,"Yadav Dhaba, NH44, Barodiya Kalan, Malthon Tahsil, Sagar, Madhya Pradesh, 470441, India",India,24.1827432,78.5900913,"https://www.google.com/maps?q=24.1827432,78.5900913",Budget
Yaduvanshi Dhaba,Restaurant,Dhaba,Barodiya Kalan,Madhya Pradesh,470441,,,,,north_indian,"Yaduvanshi Dhaba, NH44, Barodiya Kalan, Malthon Tahsil, Sagar, Madhya Pradesh, 470441, India",India,24.181314,78.5899702,"https://www.google.com/maps?q=24.181314,78.5899702",Budget
Hotel Nyou Mithr Milan Jhashi -Sagar Rod,Restaurant,Hotel Restaurant,Barodiya,Madhya Pradesh,470441,,,,,multicuisine,"Hotel Nyou Mithr Milan Jhashi -Sagar Rod, NH44, Barodiya Kalan, Barodiya, Malthon Tahsil, Sagar, Madhya Pradesh, 470441, India",India,24.2051252,78.5825412,"https://www.google.com/maps?q=24.2051252,78.5825412",Budget
Sohit Hotel,Restaurant,Hotel Restaurant,Barodiya Kalan,Madhya Pradesh,470441,,,,,multicuisine,"Sohit Hotel, MD1914, Barodiya Kalan, Malthon Tahsil, Sagar, Madhya Pradesh, 470441, India",India,24.2096927,78.5795134,"https://www.google.com/maps?q=24.2096927,78.5795134",Budget
Shri Siva Dhaba,Restaurant,Dhaba,Barodiya Kalan,Madhya Pradesh,470441,,,,,north_indian,"Shri Siva Dhaba, NH44, Palethni, Barodiya Kalan, Malthon Tahsil, Sagar, Madhya Pradesh, 470441, India",India,24.2439847,78.5684546,"https://www.google.com/maps?q=24.2439847,78.5684546",Budget
New Raja Hotel,Restaurant,Hotel Restaurant,Barodiya Kalan,Madhya Pradesh,470441,,,,,multicuisine,"New Raja Hotel, NH44, Palethni, Barodiya Kalan, Malthon Tahsil, Sagar, Madhya Pradesh, 470441, India",India,24.2352454,78.5726973,"https://www.google.com/maps?q=24.2352454,78.5726973",Budget
Bundela Dhaba,Restaurant,Dhaba,Barodiya Kalan,Madhya Pradesh,470441,,,,,north_indian,"Bundela Dhaba, NH44, Palethni, Barodiya Kalan, Malthon Tahsil, Sagar, Madhya Pradesh, 470441, India",India,24.2495871,78.5651749,"https://www.google.com/maps?q=24.2495871,78.5651749",Budget
Daggi Raja Dhaba,Restaurant,Dhaba,Dabdera,Madhya Pradesh,470441,,,,,north_indian,"Daggi Raja Dhaba, NH44, Itwa, Dabdera, Malthon Tahsil, Sagar, Madhya Pradesh, 470441, India",India,24.2713933,78.5528414,"https://www.google.com/maps?q=24.2713933,78.5528414",Budget
Shree Ram Dhaba,Restaurant,Dhaba,Malthon,Madhya Pradesh,470441,,,,,north_indian,"Shree Ram Dhaba, NH44, Titri, Malthon, Malthon Tahsil, Sagar, Madhya Pradesh, 470441, India",India,24.2864763,78.5407275,"https://www.google.com/maps?q=24.2864763,78.5407275",Budget
Dairyman's Naturals,Restaurant,Restaurant,Gwalior,Madhya Pradesh,474001,,,,,ice_cream;burger;pizza;noodle;sandwich;cake;fries,"Dairyman's Naturals, Maharani LaxhmiBai Marg, Gwalior, Gird Tahsil, Gwalior, Madhya Pradesh, 474001, India",India,26.1992424,78.1645297,"https://www.google.com/maps?q=26.1992424,78.1645297",Budget
Om Shanti Restaurant,Restaurant,Restaurant,Ujjain,Madhya Pradesh,456001,,,,,indian,"Om Shanti Restaurant, SH26B, Ujjain, Ujjain NagarTahsil, Ujjain, Madhya Pradesh, 456001, India",India,23.2021291,75.7734094,"https://www.google.com/maps?q=23.2021291,75.7734094",Budget
Desi Tadka Restaurant,Restaurant,Restaurant,Pachmarhi,Madhya Pradesh,461881,,,,,regional;indian,"Desi Tadka Restaurant, Matkuli - Pachmarhi Highway, Pachmarhi Town, Pachmarhi, Pipariya Tahsil, Narmadapuram, Madhya Pradesh, 461881, India",India,22.4747042,78.4344858,"https://www.google.com/maps?q=22.4747042,78.4344858",Budget
Sagar Gaire Restaurant,Restaurant,Restaurant,Bhopal,Madhya Pradesh,462001,,,,,indian,"Sagar Gaire Restaurant, Main Narela Road (Nizamuddin), Indripuri, Chhatrasal Nagar, Bhopal, Huzur Tahsil, Bhopal, Madhya Pradesh, 462001, India",India,23.2677572,77.4669692,"https://www.google.com/maps?q=23.2677572,77.4669692",Budget
Dev Bhog Restaurant,Restaurant,Restaurant,Bhopal,Madhya Pradesh,462001,,,,,indian,"Dev Bhog Restaurant, Nizamuddin Colony Road, Chhatrasal Nagar, Bhopal, Huzur Tahsil, Bhopal, Madhya Pradesh, 462001, India",India,23.2550222,77.4719878,"https://www.google.com/maps?q=23.2550222,77.4719878",Budget
vijayshree sandwhcih,Restaurant,Restaurant,Indore,Madhya Pradesh,452001,,,,,multicuisine,"vijayshree sandwhcih, 13 Old, Indore City, Indore, Juni Indore Tahsil, Indore, Madhya Pradesh, 452001, India",India,22.7568097,75.8868026,"https://www.google.com/maps?q=22.7568097,75.8868026",Budget
ridhi sidhi,Restaurant,Restaurant,Indore,Madhya Pradesh,452001,,,,,multicuisine,"ridhi sidhi, 13 Old, Indore City, Indore, Juni Indore Tahsil, Indore, Madhya Pradesh, 452001, India",India,22.7566714,75.8874708,"https://www.google.com/maps?q=22.7566714,75.8874708",Budget
Pawan Sweets & Restaurant,Restaurant,Restaurant,Rewa,Madhya Pradesh,486001,,,,,indian,"Pawan Sweets & Restaurant, G7VG+79P, Bankuiyan Rd, Near BJP Karyalay, Dhekaha, Rewa, Madhya Pradesh 486001, SH9, Dhekha, Rewa, Huzur Tahsil, Rewa, Madhya Pradesh, 486001, India",India,24.5432008,81.2760925,"https://www.google.com/maps?q=24.5432008,81.2760925",Budget
Haveli Restaurent,Restaurant,Restaurant,Rewa,Madhya Pradesh,486001,,,,,multicuisine,"Haveli Restaurent, Satna Road, Khaira, Rewa, Huzur Tahsil, Rewa, Madhya Pradesh, 486001, India",India,24.543057,81.2744389,"https://www.google.com/maps?q=24.543057,81.2744389",Budget
Indian Coffee House Rewa,Restaurant,Cafe,Rewa,Madhya Pradesh,486001,,,,,cafe,"Indian Coffee House Rewa, Shilpi Plaza Road, Khutehi, Rewa, Huzur Tahsil, Rewa, Madhya Pradesh, 486001, India",India,24.5420105,81.2958353,"https://www.google.com/maps?q=24.5420105,81.2958353",Budget
canteen,Restaurant,Restaurant,Vidisha,Madhya Pradesh,464001,,,,,multicuisine,"canteen, SH29, Vidisha, Vidisha NagarTahsil, Vidisha, Madhya Pradesh, 464001, India",India,23.5193009,77.8202407,"https://www.google.com/maps?q=23.5193009,77.8202407",Budget
Pind balluchi,Restaurant,Restaurant,Indore,Madhya Pradesh,452001,,,,,multicuisine,"Pind balluchi, N Service Road, Indore City, Indore, Juni Indore Tahsil, Indore, Madhya Pradesh, 452001, India",India,22.7559532,75.8941344,"https://www.google.com/maps?q=22.7559532,75.8941344",Budget
Karwaan,Restaurant,Restaurant,Gwalior,Madhya Pradesh,474001,,,,+91 89648 10199,burger;chinese;indian;international;italian,"Karwaan, Patel Nagar, Gwalior, Gird Tahsil, Gwalior, Madhya Pradesh, 474001, India",India,26.2097699,78.1983094,"https://www.google.com/maps?q=26.2097699,78.1983094",Budget
Nutrimento NX,Restaurant,Restaurant,Gwalior,Madhya Pradesh,474001,,,,+91 751471142,multicuisine,"Nutrimento NX, 22A, Patel Nagar, Gwalior, Madhya Pradesh, 474001, India",India,26.209734,78.198107,"https://www.google.com/maps?q=26.209734,78.198107",Budget
Bistro,Restaurant,Restaurant,Lasudiya Khas,Madhya Pradesh,466114,,,,,multicuisine,"Bistro, Lab Complex Entrance, Kothri Kalan, Lasudiya Khas, Ashta Tahsil, Sehore, Madhya Pradesh, 466114, India",India,23.0727767,76.8574658,"https://www.google.com/maps?q=23.0727767,76.8574658",Budget
AB Dakshin,Restaurant,Restaurant,Lasudiya Khas,Madhya Pradesh,466114,,,,,multicuisine,"AB Dakshin, Lab Complex Entrance, Kothri Kalan, Lasudiya Khas, Ashta Tahsil, Sehore, Madhya Pradesh, 466114, India",India,23.0725163,76.8571509,"https://www.google.com/maps?q=23.0725163,76.8571509",Budget
Underbelly,Restaurant,Restaurant,Lasudiya Khas,Madhya Pradesh,466114,,,,,multicuisine,"Underbelly, Lab Complex Entrance, Kothri Kalan, Lasudiya Khas, Ashta Tahsil, Sehore, Madhya Pradesh, 466114, India",India,23.0774371,76.8506332,"https://www.google.com/maps?q=23.0774371,76.8506332",Budget
Mayuri,Restaurant,Restaurant,Lasudiya Khas,Madhya Pradesh,466114,,,,,multicuisine,"Mayuri, Lab Complex Entrance, Kothri Kalan, Lasudiya Khas, Ashta Tahsil, Sehore, Madhya Pradesh, 466114, India",India,23.0771584,76.8506627,"https://www.google.com/maps?q=23.0771584,76.8506627",Budget
Highway Pride - Family Restaurant,Restaurant,Restaurant,Shajapur,Madhya Pradesh,465001,,,,,regional;indian,"Highway Pride - Family Restaurant, NH52, Lakhmankhe, Shajapur, Shajapur Tahsil, Shajapur, Madhya Pradesh, 465001, India",India,23.4445344,76.2849262,"https://www.google.com/maps?q=23.4445344,76.2849262",Budget
The Farmer's Table,Restaurant,Restaurant,Kolar Tahsil,Madhya Pradesh,462047,,,,07693006738,indian;chinese;coffee_shop;pizza;sandwich;burger;regional,"The Farmer's Table, katara hills Road, Sahu Colony, Bagli, Kolar Tahsil, Bhopal, Madhya Pradesh, 462047, India",India,23.1659662,77.489109,"https://www.google.com/maps?q=23.1659662,77.489109",Budget
Satkar Pure Veg Punjabi Dhaba,Restaurant,Dhaba,Bhicholi Hapsi Tahsil,Madhya Pradesh,452020,https://satkarpureveg.in,,,+919479313713,indian;north_indian;punjabi,"Satkar Pure Veg Punjabi Dhaba, Tejaji Nagar Square, Mirjapur, Bhicholi Hapsi Tahsil, Indore, Madhya Pradesh, 452020, India",India,22.6412741,75.8941297,"https://www.google.com/maps?q=22.6412741,75.8941297",Budget
Hotel Payal & Restaurent,Restaurant,Hotel Restaurant,Pachmarhi,Madhya Pradesh,461881,,,,09424435680,multicuisine,"Hotel Payal & Restaurent, Patel Road, Pachmarhi Town, Pachmarhi, Pipariya Tahsil, Narmadapuram, Madhya Pradesh, 461881, India",India,22.4723205,78.436436,"https://www.google.com/maps?q=22.4723205,78.436436",Budget
Shriji Restaurant,Restaurant,Restaurant,Pipariya,Madhya Pradesh,461775,,,,,regional;indian,"Shriji Restaurant, Cement Road, Pipariya, Pipariya Tahsil, Narmadapuram, Madhya Pradesh, 461775, India",India,22.7545471,78.35389,"https://www.google.com/maps?q=22.7545471,78.35389",Budget
sun food restaurant,Restaurant,Restaurant,Indore,Madhya Pradesh,452001,,,,,indian,"sun food restaurant, MR10, Indore City, Indore, Juni Indore Tahsil, Indore, Madhya Pradesh, 452001, India",India,22.753817,75.8847761,"https://www.google.com/maps?q=22.753817,75.8847761",Budget
Pinch of Salt,Restaurant,Restaurant,Khajuraho,Madhya Pradesh,471505,,,,,multicuisine,"Pinch of Salt, SH5, Khajuraho, Rajnagar Tahsil, Chhatarpur, Madhya Pradesh, 471505, India",India,24.8476093,79.9220288,"https://www.google.com/maps?q=24.8476093,79.9220288",Budget
A-One Bhojnalaya.,Restaurant,Restaurant,Bhopal,Madhya Pradesh,462001,,,,,multicuisine,"A-One Bhojnalaya., VIP road, Khanugaon, Bhopal, Huzur Tahsil, Bhopal, Madhya Pradesh, 462001, India",India,23.2612392,77.3704237,"https://www.google.com/maps?q=23.2612392,77.3704237",Budget
Zayka Da Taste,Restaurant,Restaurant,Gwalior,Madhya Pradesh,474001,,,,,multicuisine,"Zayka Da Taste, Mali Wali Gali, Gwalior, Gird Tahsil, Gwalior, Madhya Pradesh, 474001, India",India,26.1971263,78.1479365,"https://www.google.com/maps?q=26.1971263,78.1479365",Budget
MCM BIRYANI PANSEMAL,Restaurant,Restaurant,Pansemal,Madhya Pradesh,451770,,,,+919669660180,chicken,"MCM BIRYANI PANSEMAL, Bus Station, MD4824, Pansemal, Pansemal Tahsil, Barwani, Madhya Pradesh, 451770, India",India,21.6590748,74.6957264,"https://www.google.com/maps?q=21.6590748,74.6957264",Budget
Motel Tanya,Restaurant,Restaurant,Datia,Madhya Pradesh,475600,,,,,multicuisine,"Motel Tanya, NH44, Datia, Datia Nagar Tahsil, Datia, Madhya Pradesh, 475600, India",India,25.6699809,78.4451777,"https://www.google.com/maps?q=25.6699809,78.4451777",Budget
Da Pixza Lover,Restaurant,Restaurant,Basoda,Madhya Pradesh,464221,,,,08839073182,pizza,"Da Pixza Lover, First Floor, Nehru chowk, Station Main Road, Betoli, Basoda, Basoda Tahsil, Vidisha, Madhya Pradesh, 464221, India",India,23.8483254,77.9404766,"https://www.google.com/maps?q=23.8483254,77.9404766",Budget
Palash pure veg family restaurant,Restaurant,Restaurant,Pachmarhi,Madhya Pradesh,461881,,,,,indian,"Palash pure veg family restaurant, Matkuli - Pachmarhi Highway, Pachmarhi Town, Pachmarhi, Pipariya Tahsil, Narmadapuram, Madhya Pradesh, 461881, India",India,22.4749393,78.4348868,"https://www.google.com/maps?q=22.4749393,78.4348868",Budget
rk restarurant,Restaurant,Restaurant,Udaipura,Madhya Pradesh,464770,,,,,indian,"rk restarurant, NH45, Udaipura, Udaipura Tahsil, Raisen, Madhya Pradesh, 464770, India",India,23.0720426,78.5131281,"https://www.google.com/maps?q=23.0720426,78.5131281",Budget
Sneha Restaurent,Restaurant,Restaurant,Gaibian,Madhya Pradesh,464770,,,,,indian,"Sneha Restaurent, md3042, Ghana Baheriya, Gaibian, Udaipura Tahsil, Raisen, Madhya Pradesh, 464770, India",India,23.0635965,78.4548868,"https://www.google.com/maps?q=23.0635965,78.4548868",Budget
